SELECT USER
FROM DUAL;
--==>> HR


/*
--※ 참고

1. 관계(relationship, relation)
   - 모든 엔트리(entry)는 단일값을 가진다. 
   - 각 열(column)은 유일한 이름을 가지며 순서는 무의미하다.
   - 테이블의 모든 행(row = 튜플 = tuple)은 동일하지 않으며 순서는 무의미하다.
   
2. 속성(attribute)
   - 테이블의 열(column)을 나타낸다.
   - 자료의 이름을 가진 최소 논리적 단위 : 객체의 성질, 상태 기술
   - 일반 파일(file)의 항목(아이템 = item = 필드 = field)에 해당한다.
   - 엔티티(entity)의 특성과 상태를 기술
   - 속성(attribute)의 이름은 모두 달라야 한다.
   
3. 튜플 = tuple = 엔티티 = entity
   - 테이블의 행(roe)
   - 연관된 몇 개의 속성으로 구성
   - 개념 정보 단위
   - 일반 파일(file)의 레코드(record)에 해당한다.
   - 튜플 변수(tuple variable)
     : 튜플(tuple)을 가리키는 변수, 모든 튜플 집합을 도메인으로 하는 변수
     
4. 도메인(domain)
   - 각 속성(attribute)이 가질 수 있도록 허용된 값들의 집합
   - 속성 명과 도메인 명이 반드시 동일할 필요는 없음
   - 모든 릴레이션에서 모든 속성들의 도메인은 원자적(atomic)이어야 함.
   - 원자적 도메인
     : 도메인의 원소가 더 이상 나누어질 수 없는 단일체일 때를 나타냄
   - (오라클 데이터타입으로 우선 이해)

5. 릴레이션(relation)
   - 파일 시스템에서 파일과 같은 개념
   - 중복된 튜플(tuple = entity = 엔티티)을 포함하지 않는다.
     → 모두 상이함(튜플의 유일성)
   - 릴레이션 = 튜플(엔티티 = entity)의 집합. 따라서 튜플의 순서는 무의미하다.
   - 속성(attribute)간에는 순서가 없다.
*/

---------------------------------------------------------------------------------------------

--■■■ 무결성(Integrity) ■■■--
/*
1. 무결성에는 개체 무결성(Entity Integrity)
              참조 무결성(Relational Integrity)
              도메인 무결성(Domain Integrity) 이 있다.

2. 개체 무결성
   개체 무결성은 릴레이션에서 저장되는 튜플(tuple)의
   유일성을 보장하기 위한 제약조건이다.

3. 참조 무결성
   참조 무결성은 릴레이션 간의 데이터 일관성을
   보장하기 위한 제약조건이다.

4. 도메인 무결성
   도메인 무결성은 허용 가능한 값의 범위를 
   지정하기 위한 제약조건이다.
   
5. 제약조건의 종류
   
   - PRIMARY KEY(PK:P) → 부모 테이블의 참조받는 컬럼 → 기본키, 식별자 
     해당 컬럼의 값은 반드시 존재해야 하며, 유일해야 한다.
     (UNIQUE 와 NOT NULL 이 결합된 형태)
     
   - FOREIGN KEY(FK:F:R) → 자식 테이블의 참조하는 컬럼 → 외부키, 외래키, 참조키
     해당 컬럼의 값은 참조되는 테이블의 컬럼 데이터들 중 하나와
     일치하거나 NULL 을 가진다.
    
   - UNIQRE(UK:U)
     테이블 내에서 해당 컬럼의 값은 항상 유일해야 한다.
     
   - NOT NULL(NN:CK:C)
     해당 컬럼은 NULL 을 포함할 수 없다.
   
   - CHECK(CK:C)
     해당 컬럼에서 저장 가능한 데이터의 값의 범위나 조건을 지정한다.
     
--○ 제약조건 제거
ALTER TABLE 테이블명
DROP CONSTARINT 제약조건명;
*/

---------------------------------------------------------------------------------------------------

--■■■ PRIMARY KEY ■■■--

-- 1. 테이블에 대한 기본 키를 생성한다.

-- 2. 테이블에서 각 행을 유일하게 식별하는 컬럼 또는 컬럼의 집합이다. (단일 OR 다중)
--    기본 키는 테이블 당 최대 하나만 존재한다.
--    그러나 반드시 하나의 컬럼으로만 구성되는 것은 아니다.
--    NULL 일 수 없고, 이미 테이블에 존재하고 있는 데이터를
--    다시 입력할 수 없도록 처리된다.
--    UNIQUE INDEX 가 자동으로 생성된다.
--    (오라클이 자체적으로 만든다.)

-- 3. 형식 및 구조
-- ① 컬럼 레벨의 형식
-- 컬럼명 데이터타입 [CONSTRAINT CONSTRAINT명] PRIMARY KEY[(컬럼명, ..)]

-- ② 테이블 레벨의 형식         (권장)
-- 컬럼명 데이터타입,
-- 컬럼명 데이터타입,
-- CONSTRAINT CONSTRAINT명 PRIMARY KEY(컬럼명, ...)

-- 4. CONSTRAINT 추가 시 CONSTRAINT명을 생략하면
--    오라클 서버가 자동적으로 CONSTRAINT 명을 부여하게 된다.
--    일반적으로 CONSTRAINT 명은 『테이블명_컬럼명_CONSTRAINT약어』
--    형식으로 기술한다.


--○ PK 지정 실습(① 컬럼 레벨의 형식)

-- 테이블 생성
CREATE TABLE TBL_TEST1
( COL1  NUMBER(5)       PRIMARY KEY
, COL2  VARCHAR(30)
);
--==>> Table TBL_TEST1이(가) 생성되었습니다.

-- 데이터 입력
INSERT INTO TBL_TEST1(COL1, COL2) VALUES(1, 'TEST');
INSERT INTO TBL_TEST1(COL1, COL2) VALUES(2, 'ABCD');
INSERT INTO TBL_TEST1(COL1, COL2) VALUES(3, NULL);
INSERT INTO TBL_TEST1(COL1) VALUES(4);
INSERT INTO TBL_TEST1(COL1, COL2) VALUES(2, 'ABCD');    --> 에러 발생
INSERT INTO TBL_TEST1(COL1, COL2) VALUES(5, 'ABCD');
INSERT INTO TBL_TEST1(COL1, COL2) VALUES(NULL, NULL);   --> 에러 벌생
INSERT INTO TBL_TEST1(COL1, COL2) VALUES(NULL, 'STUDY');--> 에러 발생
INSERT INTO TBL_TEST1(COL2) VALUES('STUDY');            --> 에러 발생


COMMIT;

SELECT *
FROM TBL_TEST1;
--==>>
/*
1	TEST
2	ABCD
3	
4	
5	ABCD
*/

DESC TBL_TEST1;
--==>>
/*
이름   널?       유형           
---- -------- ------------ 
COL1 NOT NULL NUMBER(5)    → PK 제약 확인 불가
COL2          VARCHAR2(30) 
*/

--○ 제약조건 확인
SELECT *
FROM USER_CONSTRAINTS;
--==>>
/*
HR	REGION_ID_NN	        C	REGIONS	        "REGION_ID" IS NOT NULL				                            ENABLED	NOT DEFERRABLE	IMMEDIATE	VALIDATED	    USER NAME			    14/05/29				
HR	REG_ID_PK	            P	REGIONS					                                                        ENABLED	NOT DEFERRABLE	IMMEDIATE	VALIDATED	    USER NAME			    14/05/29	HR	REG_ID_PK		
HR	COUNTRY_ID_NN	        C	COUNTRIES	    "COUNTRY_ID" IS NOT NULL				                        ENABLED	NOT DEFERRABLE	IMMEDIATE	VALIDATED	    USER NAME			    14/05/29				
HR	COUNTRY_C_ID_PK	        P	COUNTRIES					                                                    ENABLED	NOT DEFERRABLE	IMMEDIATE	VALIDATED	    USER NAME			    14/05/29	HR	COUNTRY_C_ID_PK		
HR	COUNTR_REG_FK	        R	COUNTRIES		                                HR	REG_ID_PK	NO ACTION	    ENABLED	NOT DEFERRABLE	IMMEDIATE	VALIDATED	    USER NAME			    14/05/29				
HR	LOC_CITY_NN	            C	LOCATIONS	    "CITY" IS NOT NULL				                                ENABLED	NOT DEFERRABLE	IMMEDIATE	VALIDATED	    USER NAME			    14/05/29				
HR	LOC_ID_PK	            P	LOCATIONS					                                                    ENABLED	NOT DEFERRABLE	IMMEDIATE	VALIDATED	    USER NAME			    14/05/29	HR	LOC_ID_PK		
HR	LOC_C_ID_FK	            R	LOCATIONS		                                HR	COUNTRY_C_ID_PK	NO ACTION	ENABLED	NOT DEFERRABLE	IMMEDIATE	VALIDATED	    USER NAME			    14/05/29				
HR	DEPT_NAME_NN	        C	DEPARTMENTS	    "DEPARTMENT_NAME" IS NOT NULL				                    ENABLED	NOT DEFERRABLE	IMMEDIATE	VALIDATED	    USER NAME			    14/05/29				
HR	DEPT_ID_PK	            P	DEPARTMENTS					                                                    ENABLED	NOT DEFERRABLE	IMMEDIATE	VALIDATED	    USER NAME			    14/05/29	HR	DEPT_ID_PK		
HR	DEPT_LOC_FK	            R	DEPARTMENTS		                                HR	LOC_ID_PK	NO ACTION	    ENABLED	NOT DEFERRABLE	IMMEDIATE	VALIDATED	    USER NAME			    14/05/29				
HR	JOB_TITLE_NN	        C	JOBS	        "JOB_TITLE" IS NOT NULL				                            ENABLED	NOT DEFERRABLE	IMMEDIATE	VALIDATED	    USER NAME			    14/05/29				
HR	JOB_ID_PK	            P	JOBS					                                                        ENABLED	NOT DEFERRABLE	IMMEDIATE	VALIDATED	    USER NAME			    14/05/29	HR	JOB_ID_PK		
HR	EMP_LAST_NAME_NN	    C	EMPLOYEES	    "LAST_NAME" IS NOT NULL				                            ENABLED	NOT DEFERRABLE	IMMEDIATE	VALIDATED	    USER NAME			    14/05/29				
HR	EMP_EMAIL_NN	        C	EMPLOYEES	    "EMAIL" IS NOT NULL				                                ENABLED	NOT DEFERRABLE	IMMEDIATE	VALIDATED	    USER NAME			    14/05/29				
HR	EMP_HIRE_DATE_NN	    C	EMPLOYEES	    "HIRE_DATE" IS NOT NULL				                            ENABLED	NOT DEFERRABLE	IMMEDIATE	VALIDATED	    USER NAME			    14/05/29				
HR	EMP_JOB_NN	            C	EMPLOYEES	    "JOB_ID" IS NOT NULL				                            ENABLED	NOT DEFERRABLE	IMMEDIATE	VALIDATED	    USER NAME			    14/05/29				
HR	EMP_SALARY_MIN	        C	EMPLOYEES	    salary > 0				                                        ENABLED	NOT DEFERRABLE	IMMEDIATE	VALIDATED	    USER NAME			    14/05/29				
HR	EMP_EMAIL_UK	        U	EMPLOYEES					                                                    ENABLED	NOT DEFERRABLE	IMMEDIATE	VALIDATED	    USER NAME			    14/05/29	HR	EMP_EMAIL_UK		
HR	EMP_EMP_ID_PK	        P	EMPLOYEES					                                                    ENABLED	NOT DEFERRABLE	IMMEDIATE	VALIDATED	    USER NAME			    14/05/29	HR	EMP_EMP_ID_PK		
HR	EMP_DEPT_FK	            R	EMPLOYEES		                                HR	DEPT_ID_PK	NO ACTION	    ENABLED	NOT DEFERRABLE	IMMEDIATE	VALIDATED	    USER NAME			    14/05/29				
HR	EMP_JOB_FK	            R	EMPLOYEES		                                HR	JOB_ID_PK	NO ACTION	    ENABLED	NOT DEFERRABLE	IMMEDIATE	VALIDATED	    USER NAME			    14/05/29				
HR	EMP_MANAGER_FK	        R	EMPLOYEES		                                HR	EMP_EMP_ID_PK	NO ACTION	ENABLED	NOT DEFERRABLE	IMMEDIATE	VALIDATED	    USER NAME			    14/05/29				
HR	DEPT_MGR_FK	            R	DEPARTMENTS		                                HR	EMP_EMP_ID_PK	NO ACTION	ENABLED	NOT DEFERRABLE	IMMEDIATE	VALIDATED	    USER NAME			    14/05/29				
HR	JHIST_EMPLOYEE_NN	    C	JOB_HISTORY	    "EMPLOYEE_ID" IS NOT NULL				                        ENABLED	NOT DEFERRABLE	IMMEDIATE	VALIDATED	    USER NAME			    14/05/29				
HR	JHIST_START_DATE_NN	    C	JOB_HISTORY	    "START_DATE" IS NOT NULL				                        ENABLED	NOT DEFERRABLE	IMMEDIATE	VALIDATED	    USER NAME			    14/05/29				
HR	JHIST_END_DATE_NN	    C	JOB_HISTORY	    "END_DATE" IS NOT NULL				                            ENABLED	NOT DEFERRABLE	IMMEDIATE	VALIDATED	    USER NAME			    14/05/29				
HR	JHIST_JOB_NN	        C	JOB_HISTORY	    "JOB_ID" IS NOT NULL				                            ENABLED	NOT DEFERRABLE	IMMEDIATE	VALIDATED	    USER NAME			    14/05/29				
HR	JHIST_DATE_INTERVAL	    C	JOB_HISTORY	    end_date > start_date				                            ENABLED	NOT DEFERRABLE	IMMEDIATE	VALIDATED	    USER NAME			    14/05/29				
HR	JHIST_EMP_ID_ST_DATE_PK	P	JOB_HISTORY					                                                    ENABLED	NOT DEFERRABLE	IMMEDIATE	VALIDATED	    USER NAME			    14/05/29	HR	JHIST_EMP_ID_ST_DATE_PK		
HR	JHIST_JOB_FK	        R	JOB_HISTORY		                                HR	JOB_ID_PK	NO ACTION	    ENABLED	NOT DEFERRABLE	IMMEDIATE	VALIDATED	    USER NAME			    14/05/29				
HR	JHIST_EMP_FK	        R	JOB_HISTORY		                                HR	EMP_EMP_ID_PK	NO ACTION	ENABLED	NOT DEFERRABLE	IMMEDIATE	VALIDATED	    USER NAME			    14/05/29				
HR	JHIST_DEPT_FK	        R	JOB_HISTORY		                                HR	DEPT_ID_PK	NO ACTION	    ENABLED	NOT DEFERRABLE	IMMEDIATE	VALIDATED	    USER NAME			    14/05/29				
HR	SYS_C004102	            O	EMP_DETAILS_VIEW					                                            ENABLED	NOT DEFERRABLE	IMMEDIATE	NOT VALIDATED	GENERATED NAME			14/05/29				
HR	SYS_C007011	            P	TBL_TEST1					                                                    ENABLED	NOT DEFERRABLE	IMMEDIATE	VALIDATED	    GENERATED NAME			19/04/04	HR	SYS_C007011		
*/

SELECT *
FROM USER_CONSTRAINTS
WHERE TABLE_NAME = 'TBL_TEST1';
--==>>
/*
TBL_TEST1					ENABLED	NOT DEFERRABLE	IMMEDIATE	VALIDATED	GENERATED NAME			19/04/04	HR	SYS_C007011		
*/

--○ 제약조건이 지정된 컬럼 확인(조회)
SELECT *
FROM USER_CONS_COLUMNS;
--==>>
/*
HR	REGION_ID_NN	        REGIONS	    REGION_ID	
HR	REG_ID_PK	            REGIONS	    REGION_ID	    1
HR	COUNTRY_ID_NN	        COUNTRIES	COUNTRY_ID	    
HR	COUNTRY_C_ID_PK	        COUNTRIES	COUNTRY_ID	    1
HR	COUNTR_REG_FK	        COUNTRIES	REGION_ID	    1
HR	LOC_ID_PK	            LOCATIONS	LOCATION_ID	    1
HR	LOC_CITY_NN	            LOCATIONS	CITY	
HR	LOC_C_ID_FK	            LOCATIONS	COUNTRY_ID	    1
HR	DEPT_ID_PK	            DEPARTMENTS	DEPARTMENT_ID	1
HR	DEPT_NAME_NN	        DEPARTMENTS	DEPARTMENT_NAME	
HR	DEPT_MGR_FK	            DEPARTMENTS	MANAGER_ID	    1
HR	DEPT_LOC_FK	            DEPARTMENTS	LOCATION_ID	    1
HR	JOB_ID_PK	            JOBS	    JOB_ID	        1
HR	JOB_TITLE_NN	        JOBS	    JOB_TITLE	
HR	EMP_EMP_ID_PK	        EMPLOYEES	EMPLOYEE_ID	    1
HR	EMP_LAST_NAME_NN	    EMPLOYEES	LAST_NAME	
HR	EMP_EMAIL_NN	        EMPLOYEES	EMAIL	
HR	EMP_EMAIL_UK	        EMPLOYEES	EMAIL	        1
HR	EMP_HIRE_DATE_NN	    EMPLOYEES	HIRE_DATE	
HR	EMP_JOB_NN	            EMPLOYEES	JOB_ID	
HR	EMP_JOB_FK	            EMPLOYEES	JOB_ID	        1
HR	EMP_SALARY_MIN	        EMPLOYEES	SALARY	
HR	EMP_MANAGER_FK	        EMPLOYEES	MANAGER_ID	    1
HR	EMP_DEPT_FK	            EMPLOYEES	DEPARTMENT_ID	1
HR	JHIST_EMPLOYEE_NN	    JOB_HISTORY	EMPLOYEE_ID	
HR	JHIST_EMP_ID_ST_DATE_PK	JOB_HISTORY	EMPLOYEE_ID	    1
HR	JHIST_EMP_FK	        JOB_HISTORY	EMPLOYEE_ID	    1
HR	JHIST_START_DATE_NN	    JOB_HISTORY	START_DATE	
HR	JHIST_DATE_INTERVAL	    JOB_HISTORY	START_DATE	
HR	JHIST_EMP_ID_ST_DATE_PK	JOB_HISTORY	START_DATE	    2
HR	JHIST_END_DATE_NN	J   OB_HISTORY	END_DATE	
HR	JHIST_DATE_INTERVAL	    JOB_HISTORY	END_DATE	
HR	JHIST_JOB_NN	        JOB_HISTORY	JOB_ID	
HR	JHIST_JOB_FK	        JOB_HISTORY	JOB_ID	        1
HR	JHIST_DEPT_FK	        JOB_HISTORY	DEPARTMENT_ID	1
HR	SYS_C007011	            TBL_TEST1	COL1	        1
*/


SELECT *
FROM USER_CONS_COLUMNS
WHERE TABLE_NAME = 'TBL_TEST1';
--==>>
/*
HR	SYS_C007011	TBL_TEST1	COL1	1
*/

--○ 제약조건이 설정된 소유주, 제약명, 테이블명, 제약종류, 컬럼명, 항목조회
SELECT UC.OWNER, UC.CONSTRAINT_NAME, UC.TABLE_NAME, UC.CONSTRAINT_TYPE, UCC.COLUMN_NAME
FROM USER_CONSTRAINTS UC, USER_CONS_COLUMNS UCC
WHERE UC.CONSTRAINT_NAME = UCC.CONSTRAINT_NAME
  AND UC.TABLE_NAME = 'TBL_TEST1';
--==>>
/*
HR	SYS_C007011	TBL_TEST1	P	COL1
*/


--○ PK 지정 실습(② 테이블 레벨의 형식)
-- 테이블 생성
CREATE TABLE TBL_TEST2
( COL1 NUMBER(5)
, COL2 VARCHAR(30)
, CONSTRAINT TEST2_COL1_PK PRIMARY KEY(COL1)
);
--==>> Table TBL_TEST2이(가) 생성되었습니다.

-- 데이터 입력
INSERT INTO TBL_TEST2(COL1, COL2) VALUES(1, 'TEST');
INSERT INTO TBL_TEST2(COL1, COL2) VALUES(2, 'ABCD');
INSERT INTO TBL_TEST2(COL1, COL2) VALUES(3, NULL);
INSERT INTO TBL_TEST2(COL1) VALUES(4);
INSERT INTO TBL_TEST2(COL1, COL2) VALUES(2, 'ABCD');    --> 에러 발생
INSERT INTO TBL_TEST2(COL1, COL2) VALUES(5, 'ABCD');
INSERT INTO TBL_TEST2(COL1, COL2) VALUES(NULL, NULL);   --> 에러 벌생
INSERT INTO TBL_TEST2(COL1, COL2) VALUES(NULL, 'STUDY');--> 에러 발생
INSERT INTO TBL_TEST2(COL2) VALUES('STUDY');            --> 에러 발생

COMMIT;
--==>> 커밋 완료.

SELECT *
FROM TBL_TEST2;
--==>>
/*
1	TEST
2	ABCD
3	
4	
5	ABCD
*/

--○ 제약조건이 설정된 소유주, 제약명, 테이블명, 제약종류, 컬럼명, 항목조회
SELECT UC.OWNER, UC.CONSTRAINT_NAME, UC.TABLE_NAME, UC.CONSTRAINT_TYPE, UCC.COLUMN_NAME
FROM USER_CONSTRAINTS UC, USER_CONS_COLUMNS UCC
WHERE UC.CONSTRAINT_NAME = UCC.CONSTRAINT_NAME
  AND UC.TABLE_NAME = 'TBL_TEST2';
--==>> HR	TEST2_COL1_PK	TBL_TEST2	P	COL1


--○ PK 지정 실습(③ 다중 컬럼 PK 지정 → 복합 프라이머리 키)
CREATE TABLE TBL_TEST3
( COL1 NUMBER(5)
, COL2 VARCHAR(30)
, CONSTRAINT TEST3_COL1_COL2_PK PRIMARY KEY(COL1, COL2)     -- 이름지정 TBL_TEST3으로 안써도됨, 두줄로 나눠서 쓰면 안됨
);
--==>> Table TBL_TEST3이(가) 생성되었습니다.


-- 데이터 입력
INSERT INTO TBL_TEST3(COL1, COL2) VALUES(1, 'TEST');
INSERT INTO TBL_TEST3(COL1, COL2) VALUES(2, 'ABCD');
INSERT INTO TBL_TEST3(COL1, COL2) VALUES(3, NULL);      --> 에러발생
INSERT INTO TBL_TEST3(COL1) VALUES (4);                 --> 에러발생
INSERT INTO TBL_TEST3(COL1, COL2) VALUES(2, 'ABCD');    --> 에러발생
INSERT INTO TBL_TEST3(COL1, COL2) VALUES(3, 'ABCD');                    -- 두개가 모두 일치해야 중복된 값이다.
INSERT INTO TBL_TEST3(COL1, COL2) VALUES(1, 'ABCD');
INSERT INTO TBL_TEST3(COL1, COL2) VALUES(2, 'KKKK');
INSERT INTO TBL_TEST3(COL1, COL2) VALUES(NULL, NULL);   --> 에러 발생
INSERT INTO TBL_TEST3(COL1, COL2) VALUES(NULL, 'STUDY');--> 에러 발생
INSERT INTO TBL_TEST3(COL1, COL2) VALUES('STUDY');      --> 에러 발생    

COMMIT;
--==>> 커밋 완료.

--○ PK 지정 실습(④ 테이블 생성 이후 제약조건 추가 → PK 지정)
-- 테이블 생성
CREATE TABLE TBL_TEST4
( COL1 NUMBER(5)
, COL2 VARCHAR(30)
);
--==>> Table TBL_TEST4이(가) 생성되었습니다.

--※ 이미 만들어져 있는 테이블에
--   부여하려는 제약조건을 위반한 데이터가 포함되어 있을 경우
--   해당 테이블에 제약조건을 추가하는 것은 불가능하다.

-- 제약조건 추가
ALTER TABLE TBL_TEST4 
ADD CONSTRAINT TEST4_COL1_PK PRIMARY KEY(COL1);
--==>> Table TBL_TEST4이(가) 변경되었습니다.

-- 데이터 입력
INSERT INTO TBL_TEST4(COL1, COL2) VALUES(1, 'TEST');
INSERT INTO TBL_TEST4(COL1, COL2) VALUES(2, 'ABCD');
INSERT INTO TBL_TEST4(COL1, COL2) VALUES(3, NULL);
INSERT INTO TBL_TEST4(COL1) VALUES(4);
INSERT INTO TBL_TEST4(COL1, COL2) VALUES(2, 'ABCD');    --> 에러 발생
INSERT INTO TBL_TEST4(COL1, COL2) VALUES(5, 'ABCD');
INSERT INTO TBL_TEST4(COL1, COL2) VALUES(NULL, NULL);   --> 에러 벌생
INSERT INTO TBL_TEST4(COL1, COL2) VALUES(NULL, 'STUDY');--> 에러 발생
INSERT INTO TBL_TEST4(COL2) VALUES('STUDY');            --> 에러 발생

COMMIT;
--==>> 커밋 완료.

SELECT *
FROM TBL_TEST4;
--==>>
/*
1	TEST
2	ABCD
3	
4	
5	ABCD
*/

--※ 제약조건 확인용 전용 뷰(VIEW) 생성
CREATE OR REPLACE VIEW VIEW_CONSTCHECK
AS
SELECT UC.OWNER "OWNER"
     , UC.CONSTRAINT_NAME "CONSTRAINT_NAME"
     , UC.TABLE_NAME "TABLE_NAME"
     , UC.CONSTRAINT_TYPE "CONSTRAINT_TYPE"
     , UCC.COLUMN_NAME "COLUMN_NAME"
     , UC.SEARCH_CONDITION "SEARCH_CONDITION"
     , UC.DELETE_RULE "DELETE_RULE"
FROM USER_CONSTRAINTS UC JOIN USER_CONS_COLUMNS UCC
ON UC.CONSTRAINT_NAME = UCC.CONSTRAINT_NAME;
--==>>View VIEW_CONSTCHECK이(가) 생성되었습니다.

--○ 생성된 뷰(VIEW)를 통한 제약조건 확인
SELECT *
FROM VIEW_CONSTCHECK
WHERE TABLE_NAME = 'TBL_TEST4';
--==>> HR	TEST4_COL1_PK	TBL_TEST4	P	COL1		


-------------------------------------------------------------------------------------------------------

--■■■ UNIQUE(UK:U) ■■■--

-- 1. 테이블에 지정한 컬럼의 데이터가 중복되지 않고
--    테이블 내에서 유일할 수 있도록 설정하는 제약조건.
--    PRIMARY KEY 와 유사한 제약조건이지만, NULL 을 허용한다는 차이가 있다.
--    내부적으로 PRIMARY KEY 와 마찬가지고 UNIQUE INDEX 가 자동 생성된다.
--    하나의 테이블 내에서 UNIQUE 제약조건은 여러 번 설정하는 것이 가능하다.
--    즉, 하나의 테이블에 UNIQUE 제약조건을 여러 개 만드는 것이
--    가능하다는 것이다.

-- 2. 형식 및 구조
--① 컬럼 레벨의 형식
-- 컬럼명 데이터타입 [CONSTRAINT CONSTRAINT명] UNIQUE

--② 테이블 레벨의 형식
-- 컬럼명 데이터타입,
-- 컬럼명 데이터타입,
-- CONSTRAINT CONSTRAINT명 UNIQUE(컬럼명, ...)

--○ UK 지정 실습(① 컬럼 레벨의 형식)
-- 테이블 생성
CREATE TABLE TBL_TEST5
( COL1 NUMBER(5)        PRIMARY KEY
, COL2 VARCHAR2(30)     UNIQUE
);
--==>> Table TBL_TEST5이(가) 생성되었습니다.

-- 제약조건 조회
SELECT *
FROM VIEW_CONSTCHECK
WHERE TABLE_NAME='TBL_TEST5';
--==>>
/*
HR	SYS_C007015	TBL_TEST5	P	COL1		
HR	SYS_C007016	TBL_TEST5	U	COL2		
*/

-- 데이터 입력
INSERT INTO TBL_TEST5(COL1, COL2) VALUES(1, 'TEST');
INSERT INTO TBL_TEST5(COL1, COL2) VALUES(2, 'ABCD');
INSERT INTO TBL_TEST5(COL1, COL2) VALUES(3, NULL);
INSERT INTO TBL_TEST5(COL1) VALUES(4);
INSERT INTO TBL_TEST5(COL1, COL2) VALUES(4, 'ABCD');    --> 에러 발생
INSERT INTO TBL_TEST5(COL1, COL2) VALUES(2, 'ABCD');    --> 에러 발생
INSERT INTO TBL_TEST5(COL1, COL2) VALUES(NULL, NULL);   --> 에러 발생
INSERT INTO TBL_TEST5(COL1, COL2) VALUES(5, NULL);

COMMIT;
--==>> 커밋 완료.

SELECT *
FROM TBL_TEST5;
--==>>
/*
1	TEST
2	ABCD
3	
4	
5	
*/

--○ UK 지정 실습(② 테이블 레벨의 형식)
-- 테이블 생성
CREATE TABLE TBL_TEST6
( COL1 NUMBER(5)
, COL2 VARCHAR(30)
, CONSTRAINT TEST6_COL1_PK PRIMARY KEY(COL1)
, CONSTRAINT TEST6_COL2_UK UNIQUE(COL2)
);
--==>> Table TBL_TEST6이(가) 생성되었습니다.

-- 제약조건 확인
SELECT *
FROM VIEW_CONSTCHECK
WHERE TABLE_NAME = 'TBL_TEST6';
--==>>
/*
HR	TEST6_COL1_PK	TBL_TEST6	P	COL1		
HR	TEST6_COL2_UK	TBL_TEST6	U	COL2		
*/


--○ UK 지정 실습(③ 테이블 생성 이후 제약조건 추가 → UK 제약조건 추가)
-- 테이블 생성
CREATE TABLE TBL_TEST7
( COL1 NUMBER(5)
, COL2 VARCHAR(30)
);
--==>> Table TBL_TEST7이(가) 생성되었습니다.

-- 제약조건 확인(조회)
SELECT *
FROM VIEW_CONSTCHECK
WHERE TABLE_NAME = 'TBL_TEST7';
--==>> 조회 결과 없음

-- 제약조건 추가
ALTER TABLE TBL_TEST7
ADD (CONSTRAINT TEST7_COL1_PK PRIMARY KEY(COL1)
   , CONSTRAINT TEST7_COL2_UK UNIQUE(COL2));
--==>> Table TBL_TEST7이(가) 변경되었습니다.

-- 제약조건 확인(조회)
SELECT *
FROM VIEW_CONSTCHECK
WHERE TABLE_NAME = 'TBL_TEST7';
--==>>
/*
HR	TEST7_COL1_PK	TBL_TEST7	P	COL1		
HR	TEST7_COL2_UK	TBL_TEST7	U	COL2		
*/


--------------------------------------------------------------------------------------------------------------------------------

--■■■ CHECK(CK:C) ■■■--

-- 1. 컬럼에서 허용 가능한 데이터의 범위나 조건을 지정하기 위한 제약조건
--    컬럼에 입력되는 데이터를 검사하여 조건에 맞는 데이터만 입력될
--    수 있도록 처리하며, 수정되는 데이터 또한 검사하여 조건에 맞는
--    데이터로 수정되는 것만 허용하는 기능을 수행하게 된다.

-- 2. 형식 및 구조
--① 컬럼 레벨의 형식
-- 컬럼명 데이터타입 [CONSTRAINT CONSTRAINT명] CHECK (컬럼 조건)

--② 테이블 레벨의 형식
-- 컬럼명 데이터타입,
-- 컬럼명 데이터타입,
-- CONSTRIANT CONSTRAINT명 CHECK (컬럼 조건)

--※ NUMBER(38)     까지
--   CHAR(2000)     까지
--   VARCHAR2(4000) 까지
--   NCHAR(1000)    까지
--   NVARCHAR2(2000)까지


--○ CK 지정 실습(① 컬럼 레벨의 형식)
-- 테이블 생성
CREATE TABLE TBL_TEST8
( COL1  NUMBER(5)       PRIMARY KEY 
, COL2  VARCHAR2(30)
, COL3  NUMBER(3)       CHECK(COL3 BETWEEN 0 AND 100)       -- COL3에 대해서 0 부터 100 까지 제한하겠다는 의미
);
--==>> Table TBL_TEST8이(가) 생성되었습니다.

-- 데이터 입력
INSERT INTO TBL_TEST8(COL1, COL2, COL3) VALUES(1, '원영', 100);
INSERT INTO TBL_TEST8(COL1, COL2, COL3) VALUES(2, '선아', 101);   --> 에러 발생
INSERT INTO TBL_TEST8(COL1, COL2, COL3) VALUES(3, '나래', -1);    --> 에러 발생
INSERT INTO TBL_TEST8(COL1, COL2, COL3) VALUES(4, '주영', 80);

COMMIT;
--==>> 커밋 완료.

SELECT *
FROM TBL_TEST8;
--==>>
/*
1	원영	100
4	주영	 80
*/

--○ 제약조건 확인
SELECT *
FROM VIEW_CONSTCHECK
WHERE TABLE_NAME = 'TBL_TEST8';
--==>>
/*
HR	SYS_C007021	TBL_TEST8	C	COL3	COL3 BETWEEN 0 AND 100	
HR	SYS_C007022	TBL_TEST8	P	COL1		
*/


--○ CK 지정 실습(② 테이블 레벨의 형식)
-- 테이블 생성
CREATE TABLE TBL_TEST9
( COL1 NUMBER(5)
, COL2 VARCHAR(30)
, COL3 NUMBER(3)
, CONSTRAINT TEST9_COL1_PK PRIMARY KEY(COL1)
, CONSTRAINT TEST9_COL3_CK CHECK(COL3 BETWEEN 0 AND 100)
);

-- 데이터 입력
INSERT INTO TBL_TEST9(COL1, COL2, COL3) VALUES(1, '원영', 100);
INSERT INTO TBL_TEST9(COL1, COL2, COL3) VALUES(2, '선아', 101);   --> 에러 발생
INSERT INTO TBL_TEST9(COL1, COL2, COL3) VALUES(3, '나래', -1);    --> 에러 발생
INSERT INTO TBL_TEST9(COL1, COL2, COL3) VALUES(4, '주영', 80);

SELECT *
FROM TBL_TEST9;
--==>>
/*
4	주영	 80
1	원영	100
*/

--○ 제약조건 확인
SELECT *
FROM VIEW_CONSTCHECK
WHERE TABLE_NAME = 'TBL_TEST9';
--==>>
/*
HR	TEST9_COL3_CK	TBL_TEST9	C	COL3	COL3 BETWEEN 0 AND 100	
HR	TEST9_COL1_PK	TBL_TEST9	P	COL1		
*/


--○ CK 지정 실습(③ 테이블 생성 이후 제약조건 추가 → CK 제약조건 추가
CREATE TABLE TBL_TEST10
( COL1 NUMBER(5)
, COL2 VARCHAR2(30)
, COL3 NUMBER(3)
);
--==>> Table TBL_TEST10이(가) 생성되었습니다.

-- 제약조건 확인
SELECT *
FROM VIEW_CONSTCHECK
WHERE TABLE_NAME = 'TBL_TEST10';
--==>> 조회 결과 없음

-- 제약조건 추가
ALTER TABLE TBL_TEST10
ADD (CONSTRAINT TEST10_COL1_PK PRIMARY KEY(COL1)
   , CONSTRAINT TEST10_COL3_CK CHECK(COL3 BETWEEN 0 AND 100));
--==>> Table TBL_TEST10이(가) 변경되었습니다.

-- 제약조건 확인
SELECT *
FROM VIEW_CONSTCHECK
WHERE TABLE_NAME = 'TBL_TEST10';
--==>>
/*
HR	TEST10_COL1_PK	TBL_TEST10	P	COL1		
HR	TEST10_COL3_CK	TBL_TEST10	C	COL3	COL3 BETWEEN 0 AND 100	
*/


--○ 실습 문제
-- 다음과 같이 TBL_TESTMEMBER 테이블을 생성하여
-- SSN 컬럼(주민번호 컬럼)에서
-- 데이터 입력 시 성별이 유효한 데이터만 입력될 수 있도록
-- 체크 제약조건을 추가할 수 있도록 한다.
-- → 주민번호 특정 자리에 입력 가능한 데이터로 1, 2, 3, 4 를 적용
-- 또한, SID 컬럼에는 PRIMARY KEY 제약조건을 설정할 수 있도록 한다.

-- 테이블 생성
CREATE TABLE TBL_TESTMEMBER
( SID   NUMBER
, NAME  VARCHAR2(30)
, SSN   CHAR(14)              -- 입력 형태 → 'YYMMDD-NNNNNNN'
, TEL   VARCHAR2(40)
);
--==>> Table TBL_TESTMEMBER이(가) 생성되었습니다.

-- 제약조건 추가
ALTER TABLE TBL_TESTMEMBER
ADD (CONSTRAINT TESTMEMBER_SID_PK PRIMARY KEY(SID)
   , CONSTRAINT TESTMEMBER_SSN_CK CHECK(SUBSTR(SSN, 8, 1) BETWEEN 1 AND 4));
--==>> Table TBL_TESTMEMBER이(가) 변경되었습니다.

/*
ALTER TABLE TBL_TESTMEMBER
ADD (CONSTRAINT TESTMEMBER_SID_PK PRIMARY KEY(SID)
   , CONSTRAINT TESTMEMBER_SSN_CK CHECK(SUBSTR(SSN, 8, 1) IN ('1','2','3','4'));
*/

-- 제약조건 확인
SELECT *
FROM VIEW_CONSTCHECK
WHERE TABLE_NAME = 'TBL_TESTMEMBER';
--==>>
/*
HR	TEST10_SID_PK	TBL_TESTMEMBER	P	SID		
HR	TEST10_SSN_CK	TBL_TESTMEMBER	C	SSN	SUBSTR(SSN, 8, 1) BETWEEN 1 AND 4	
*/

-- 입력 테스트
INSERT INTO TBL_TESTMEMBER(SID, NAME, SSN, TEL)
VALUES(1, '윤희진', '961001-2068518', '01094159735');

INSERT INTO TBL_TESTMEMBER(SID, NAME, SSN, TEL)
VALUES(2, '김선아', '901212-2234567', '010-2222-222');

INSERT INTO TBL_TESTMEMBER(SID, NAME, SSN, TEL)
VALUES(3, '임나래', '901212-8234567', '010-8888-8888');    --> 에러 발생

INSERT INTO TBL_TESTMEMBER(SID, NAME, SSN, TEL)
VALUES(4, '나주영', '901212-0234567', '010-0000-0000');    --> 에러 발생

COMMIT;
--==>> 커밋 완료.

SELECT *
FROM TBL_TESTMEMBER;
--==>>
/*
1	윤희진	961001-2068518	01094159735
2	김선아	901212-2234567	010-2222-222
*/

--------------------------------------------------------------------------------------------------------------------------------


--■■■ FOREIGN KEY(FK:F:R) ■■■--

-- 1. 참조 키 또는 외래 키(FK)는
--    두 테이블의 데이터 간 연결을 설정하고
--    강제 적용시키는데 사용되는 열이다.
--    한 테이블의 기본 키 값이 있는 열을
--    다른 테이블에 추가하며 테이블 간 연결을 설정할 수 있다.
--    이 때, 두 번째 테이블에 추가되는 열이 외래 키가 된다.

-- 2. 부모 테이블(참조받는 컬럼이 포함된 테이블)이 먼저 생성된 후
--    자식 테이블(참조하는 컬럼이 포함된 테이블)이 생성되어야 한다.
--    이 때, 자식 테이블에 FOREIGN KEY 제약조건이 설정된다.

-- 3. 형식 및 구조
--① 컬럼 레벨의 형식
-- 컬러명 데이터타입 [CONSTRAINT CONSTRAINT명]
--                   REGERENCES 참조테이블명(참조컬럼명)
--                   [ON DELETE CASCADE | ON  DELETS SET NULL]

--② 테이블 레벨의 형식
-- 컬럼명 데이터타입,
-- 컬럼명 데이터타입,
-- CONSTRAINT CONSTRAINT명 FOREIGN KEY(컬럼명)
--            REFERENCE 참조테이블명(참조컬럼명)
--            [ON DELETE CASCADE | ON DELETE SET NULL]

--※ FOREIGN KEY 제약조건을 설정하는 실습을 진행하기 위해서는
--   독립적인 하나의 테이블을 생성하여 처리하는 것이 아니라
--   부모 테이블 생성 작업을 먼저 수행해야 한다.
--   그리고 이 때, 부모 테이블에는 반드시 PK 또는 UK 제약조건이
--   설정된 컬럼이 존재해야 한다.


-- 부모 테이블 생성
CREATE TABLE TBL_JOBS
( JIKWI_ID      NUMBER
, JIKWI_NAME    VARCHAR2(30)
, CONSTRAINT JOBS_ID_PK PRIMARY KEY(JIKWI_ID)
);
--==>> Table TBL_JOBS이(가) 생성되었습니다.

-- 부모 테이블에 데이터 입력
INSERT INTO TBL_JOBS(JIKWI_ID, JIKWI_NAME) VALUES(1, '사원');
INSERT INTO TBL_JOBS(JIKWI_ID, JIKWI_NAME) VALUES(2, '대리');
INSERT INTO TBL_JOBS(JIKWI_ID, JIKWI_NAME) VALUES(3, '과장');
INSERT INTO TBL_JOBS(JIKWI_ID, JIKWI_NAME) VALUES(4, '부장');
--==>> 1 행 이(가) 삽입되었습니다. * 4

SELECT *
FROM TBL_JOBS;
--==>>
/*
1	사원
2	대리
3	과장
4	부장
*/

COMMIT;
--==>> 커밋 완료.

--○ FK 지정 실습(① 컬럼 레벨의 형식)
CREATE TABLE TBL_EMP1
( SID       NUMBER          PRIMARY KEY
, NAME      VARCHAR2(30)
, JIKWI_ID  NUMBER          REFERENCES TBL_JOBS(JIKWI_ID)
);
--==>> Table TBL_EMP1이(가) 생성되었습니다.

-- 제약조건 확인
SELECT *
FROM VIEW_CONSTCHECK
WHERE TABLE_NAME = 'TBL_EMP1';
--==>>
/*
HR	SYS_C007034	TBL_EMP1	P	SID		
HR	SYS_C007035	TBL_EMP1	R	JIKWI_ID		NO ACTION
*/

-- 데이터 입력
INSERT INTO TBL_EMP1(SID, NAME, JIKWI_ID) VALUES(1, '조수연', 1);
INSERT INTO TBL_EMP1(SID, NAME, JIKWI_ID) VALUES(2, '곽한얼', 2);
INSERT INTO TBL_EMP1(SID, NAME, JIKWI_ID) VALUES(3, '이승희', 3);
INSERT INTO TBL_EMP1(SID, NAME, JIKWI_ID) VALUES(4, '최은상', 4);
INSERT INTO TBL_EMP1(SID, NAME, JIKWI_ID) VALUES(5, '권홍비', 5);      --> 에러 발생(부모테이블에 JIKWI_ID 컬럼에 5가 없기 때문)
INSERT INTO TBL_EMP1(SID, NAME, JIKWI_ID) VALUES(5, '권홍비', 1);
INSERT INTO TBL_EMP1(SID, NAME) VALUES(6, '윤희진');
INSERT INTO TBL_EMP1(SID, NAME, JIKWI_ID) VALUES(7, '이기승', NULL);

SELECT *
FROM TBL_EMP1;
--==>>
/*
1	조수연	1
2	곽한얼	2
3	이승희	3
4	최은상	4
5	권홍비	1
6	윤희진	
7	이기승	
*/

COMMIT;
--==>> 커밋 완료.


--○ FK 지정 실습(② 테이블 레벨의 형식)
CREATE TABLE TBL_EMP2
( SID       NUMBER
, NAME      VARCHAR(30)
, JIKWI_ID  NUMBER
, CONSTRAINT EMP2_SID_PK PRIMARY KEY(SID)
, CONSTRAINT EMP2_JIKWI_ID_FK FOREIGN KEY(JIKWI_ID)
                REFERENCES TBL_JOBS(JIKWI_ID)
);
--==>> Table TBL_EMP2이(가) 생성되었습니다.

-- 제약조건 확인
SELECT *
FROM VIEW_CONSTCHECK
WHERE TABLE_NAME = 'TBL_EMP2';
--==>>
/*
HR	EMP2_SID_PK	        TBL_EMP2	P	SID		
HR	EMP2_JIKWI_ID_FK	TBL_EMP2	R	JIKWI_ID		NO ACTION
*/

--○ FK 지정 실습(③ 테이블 생성 이후 제약조건 추가 →  FK 제약조건 추가)
-- 테이블 생성
CREATE TABLE TBL_EMP3
( SID       NUMBER
, NAME      VARCHAR2(30)
, JIKWI_ID  NUMBER
);
--==>> Table TBL_EMP3이(가) 생성되었습니다.

SELECT *
FROM VIEW_CONSTCHECK
WHERE TABLE_NAME = 'TBL_EMP3';
--==>> 조회 결과 없음

-- 제약조건 추가
ALTER TABLE TBL_EMP3
ADD (CONSTRAINT EMP3_SID_PK PRIMARY KEY(SID)
   , CONSTRAINT EMP3_JIKWI_FK FOREIGN KEY(JIKWI_ID)
                        REFERENCES TBL_JOBS(JIKWI_ID));
--==>> Table TBL_EMP3이(가) 변경되었습니다.

--제약조건 확인
SELECT *
FROM VIEW_CONSTCHECK
WHERE TABLE_NAME = 'TBL_EMP3';
--==>>
/*
HR	EMP3_SID_PK	    TBL_EMP3	P	SID		
HR	EMP3_JIKWI_FK	TBL_EMP3	R	JIKWI_ID		NO ACTION
*/

-- 4. FOREIGN KEY 생성 시 주의사항
--    참고하고자 하는 부모 테이블을 먼저 생성해야 한다.
--    참고하고자 하는 컬럼이 PRIMARY KEY 나 UNIQUE 제약조건이 있어야 한다.
--    테이블 사이에 PRIMARY KEY 와 FOREIGN KEY 가 정의되어 있으면
--    PRIMARY KEY 제약조건이 설정된 컬럼의 데이터 삭제 시
--    FOREIGN KEY 컬럼에 그 값이 입력되어 있는 경우 삭제되지 않는다.
--    (단, FK 설정 과정에서 『ON DELETE CASCADE』 나
--    『ON DELETE SET NULL』 옵션을 사용하여 설정한 경우에는
--    삭제가 가능하다.)
--    부모 테이블을 제거하기 위해서는 자식 테이블을 먼저 제거해야 한다.