
--■■■ 팀별 실습 과제 ■■■--

-- HR 샘플 스키마 ERD 를 이용한 테이블 재구성!!

-- 팀별로 HR 스키마에 있는 기본 테이블(7개)
-- CONTRIES / DEPARTMENTS / EMPLOYEES / JOB_HISTORY / JOBS / LOCATIONS / REGIONS
-- 을 똑같이 새로 구성한다.

-- 단, 생성하는 테이블의 이름은 『테이블명+팀번호』
-- CONTRIES03 / DEPARTMENTS03 / EMPLOYEES03 / JOB_HISTORY03 / JOBS03 / LOCATIONS03 / REGIONS03
-- 과 같이 구성한다.

-- 1. 기존 테이블의 정보 수집
-- 2. 테이블 생성(컬럼 이름, 자료형, DEFAULT 표현식, NOT NULL 등...)
--    제약조건 설정(PK, UK, FK, CK, ... NN)
-- 3. 작성 후 데이터 입력
-- 4. 제출항목
--    20190405_01_hr_팀별실습과제_0조.sql
--    후기_0조.txt



/*
SELECT *
FROM VIEW_CONSTCHECK
WHERE TABLE_NAME IN ('COUNTRIES', 'DEPARTMENTS', 'EMPLOYEES', 'JOB_HISTORY', 'JOBS', 'LOCATIONS', 'REGIONS');

SELECT *
FROM TAB;

SELECT *
FROM USER_COL_COMMENTS
WHERE TABLE_NAME IN ('COUNTRIES', 'DEPARTMENTS', 'EMPLOYEES', 'JOB_HISTORY', 'JOBS', 'LOCATIONS', 'REGIONS');

SELECT *
FROM USER_SEQUENCES;
/*
SEQUENCE_NAME                   MIN_VALUE  MAX_VALUE INCREMENT_BY C O CACHE_SIZE LAST_NUMBER
------------------------------ ---------- ---------- ------------ - - ---------- -----------
DEPARTMENTS_SEQ                         1       9990           10 N N          0         280
EMPLOYEES_SEQ                           1 1.0000E+28            1 N N          0         207
LOCATIONS_SEQ                           1       9900          100 N N          0        3300
*/



--■ REGIONS03 테이블 생성
CREATE TABLE REGIONS03
( REGION_ID     NUMBER          CONSTRAINT REGION03_ID_NN NOT NULL
, REGION_NAME   VARCHAR2(25)
, CONSTRAINT REG03_ID_PK PRIMARY KEY(REGION_ID)
);
--==>> Table REGIONS03이(가) 생성되었습니다.

--○ REGIONS03 테이블에 데이터 입력
INSERT INTO REGIONS03(REGION_ID, REGION_NAME) VALUES
(1,'Europe');
INSERT INTO REGIONS03(REGION_ID, REGION_NAME) VALUES
(2, 'Americas');
INSERT INTO REGIONS03(REGION_ID, REGION_NAME) VALUES
(3, 'Asia');
INSERT INTO REGIONS03(REGION_ID, REGION_NAME) VALUES
(4, 'Middle East and Africa');
--==>> 1 행 이(가) 삽입되었습니다. * 4



--■ JOBS03 테이블 생성 
CREATE TABLE JOBS03
( JOB_ID        VARCHAR2(10)
, JOB_TITLE     VARCHAR2(35)   CONSTRAINT JOB03_TITLE_NN NOT NULL
, MIN_SALARY    NUMBER(6)
, MAX_SALARY    NUMBER(6)
, CONSTRAINT JOB03_ID_PK PRIMARY KEY(JOB_ID)
);
--==>> Table JOBS03이(가) 생성되었습니다.

--○ JOBS03 테이블에 데이터 입력
INSERT INTO JOBS03(JOB_ID,JOB_TITLE,MIN_SALARY,MAX_SALARY) VALUES('AD_PRES','President',20080,40000);
INSERT INTO JOBS03(JOB_ID,JOB_TITLE,MIN_SALARY,MAX_SALARY) VALUES('AD_VP','Administration Vice President',15000,30000);
INSERT INTO JOBS03(JOB_ID,JOB_TITLE,MIN_SALARY,MAX_SALARY) VALUES('AD_ASST','Administration Assistant',3000,6000);
INSERT INTO JOBS03(JOB_ID,JOB_TITLE,MIN_SALARY,MAX_SALARY) VALUES('FI_MGR','Finance Manager',8200,16000);
INSERT INTO JOBS03(JOB_ID,JOB_TITLE,MIN_SALARY,MAX_SALARY) VALUES('FI_ACCOUNT','Accountant',4200,9000);
INSERT INTO JOBS03(JOB_ID,JOB_TITLE,MIN_SALARY,MAX_SALARY) VALUES('AC_MGR','Accounting Manager',8200,16000);
INSERT INTO JOBS03(JOB_ID,JOB_TITLE,MIN_SALARY,MAX_SALARY) VALUES('AC_ACCOUNT','Public Accountant',4200,9000);
INSERT INTO JOBS03(JOB_ID,JOB_TITLE,MIN_SALARY,MAX_SALARY) VALUES('SA_MAN','Sales Manager',10000,20080);
INSERT INTO JOBS03(JOB_ID,JOB_TITLE,MIN_SALARY,MAX_SALARY) VALUES('SA_REP','Sales Representative',6000,12008);
INSERT INTO JOBS03(JOB_ID,JOB_TITLE,MIN_SALARY,MAX_SALARY) VALUES('PU_MAN','Purchasing Manager',8000,15000);
INSERT INTO JOBS03(JOB_ID,JOB_TITLE,MIN_SALARY,MAX_SALARY) VALUES('PU_CLERK','Purchasing Clerk',2500,5500);
INSERT INTO JOBS03(JOB_ID,JOB_TITLE,MIN_SALARY,MAX_SALARY) VALUES('ST_MAN','Stock Manager',5500,8500);
INSERT INTO JOBS03(JOB_ID,JOB_TITLE,MIN_SALARY,MAX_SALARY) VALUES('ST_CLERK','Stock Clerk',2008,5000);
INSERT INTO JOBS03(JOB_ID,JOB_TITLE,MIN_SALARY,MAX_SALARY) VALUES('SH_CLERK','Shipping Clerk',2500,5500);
INSERT INTO JOBS03(JOB_ID,JOB_TITLE,MIN_SALARY,MAX_SALARY) VALUES('IT_PROG','Programmer',4000,10000);
INSERT INTO JOBS03(JOB_ID,JOB_TITLE,MIN_SALARY,MAX_SALARY) VALUES('MK_MAN','Marketing Manager',9000,15000);
INSERT INTO JOBS03(JOB_ID,JOB_TITLE,MIN_SALARY,MAX_SALARY) VALUES('MK_REP','Marketing Representative',4000,9000);
INSERT INTO JOBS03(JOB_ID,JOB_TITLE,MIN_SALARY,MAX_SALARY) VALUES('HR_REP','Human Resources Representative',4000,9000);
INSERT INTO JOBS03(JOB_ID,JOB_TITLE,MIN_SALARY,MAX_SALARY) VALUES('PR_REP','Public Relations Representative',4500,10500);
--==>> 1 행 이(가) 삽입되었습니다. * 19



--■ COUNTRIES03 테이블 생성
CREATE TABLE COUNTRIES03
(   COUNTRY_ID      CHAR(2)      CONSTRAINT COUNTRY03_ID_NN  NOT NULL
,   COUNTRY_NAME    VARCHAR2(40)
,   REGION_ID       NUMBER
, CONSTRAINT COUNTRY03_C_ID_PK PRIMARY KEY(COUNTRY_ID)
, CONSTRAINT COUNTR03_REG_FK FOREIGN KEY(REGION_ID)
                            REFERENCES REGIONS03(REGION_ID)
);
--==>> Table COUNTRIES03이(가) 생성되었습니다.

--○ COUNTRIES03 테이블에 데이터 입력
INSERT INTO COUNTRIES03(COUNTRY_ID,COUNTRY_NAME,REGION_ID)
VALUES('AR','Argentina',2);
INSERT INTO COUNTRIES03(COUNTRY_ID,COUNTRY_NAME,REGION_ID)
VALUES('AU','Australia',3);
INSERT INTO COUNTRIES03(COUNTRY_ID,COUNTRY_NAME,REGION_ID)
VALUES('BE','Belgium',1);
INSERT INTO COUNTRIES03(COUNTRY_ID,COUNTRY_NAME,REGION_ID)
VALUES('BR','Brazil',2);
INSERT INTO COUNTRIES03(COUNTRY_ID,COUNTRY_NAME,REGION_ID)
VALUES('CA','Canada',2);
INSERT INTO COUNTRIES03(COUNTRY_ID,COUNTRY_NAME,REGION_ID)
VALUES('CH','Switzerland',1);
INSERT INTO COUNTRIES03(COUNTRY_ID,COUNTRY_NAME,REGION_ID)
VALUES('CN'	,'China',3);
INSERT INTO COUNTRIES03(COUNTRY_ID,COUNTRY_NAME,REGION_ID)
VALUES('DE','Germany',1);
INSERT INTO COUNTRIES03(COUNTRY_ID,COUNTRY_NAME,REGION_ID)
VALUES('DK','Denmark',1);
INSERT INTO COUNTRIES03(COUNTRY_ID,COUNTRY_NAME,REGION_ID)
VALUES('EG','Egypt',4);
INSERT INTO COUNTRIES03(COUNTRY_ID,COUNTRY_NAME,REGION_ID)
VALUES('FR','France',1);
INSERT INTO COUNTRIES03(COUNTRY_ID,COUNTRY_NAME,REGION_ID)
VALUES('IL','Israel',4);
INSERT INTO COUNTRIES03(COUNTRY_ID,COUNTRY_NAME,REGION_ID)
VALUES('IN','India',3);
INSERT INTO COUNTRIES03(COUNTRY_ID,COUNTRY_NAME,REGION_ID)
VALUES('IT','Italy',1);
INSERT INTO COUNTRIES03(COUNTRY_ID,COUNTRY_NAME,REGION_ID)
VALUES('JP','Japan',3);
INSERT INTO COUNTRIES03(COUNTRY_ID,COUNTRY_NAME,REGION_ID)
VALUES('KW','Kuwait',4);
INSERT INTO COUNTRIES03(COUNTRY_ID,COUNTRY_NAME,REGION_ID)
VALUES('ML','Malaysia',3);
INSERT INTO COUNTRIES03(COUNTRY_ID,COUNTRY_NAME,REGION_ID)
VALUES('MX','Mexico',2);
INSERT INTO COUNTRIES03(COUNTRY_ID,COUNTRY_NAME,REGION_ID)
VALUES('NG','Nigeria',4);
INSERT INTO COUNTRIES03(COUNTRY_ID,COUNTRY_NAME,REGION_ID)
VALUES('NL','Netherlands',1);
INSERT INTO COUNTRIES03(COUNTRY_ID,COUNTRY_NAME,REGION_ID)
VALUES('SG','Singapore',3);
INSERT INTO COUNTRIES03(COUNTRY_ID,COUNTRY_NAME,REGION_ID)
VALUES('UK','United Kingdom',1);
INSERT INTO COUNTRIES03(COUNTRY_ID,COUNTRY_NAME,REGION_ID)
VALUES('US','United States of America',2);
INSERT INTO COUNTRIES03(COUNTRY_ID,COUNTRY_NAME,REGION_ID)
VALUES('ZM','Zambia',4);
INSERT INTO COUNTRIES03(COUNTRY_ID,COUNTRY_NAME,REGION_ID)
VALUES('ZW','Zimbabwe',4);
--==>> 1 행 이(가) 삽입되었습니다. * 25



--■ LOCATIONS03 테이블 생성
CREATE TABLE LOCATIONS03
( LOCATION_ID       NUMBER(4)       
, STREET_ADDRESS    VARCHAR2(40)
, POSTAL_CODE       VARCHAR2(12)
, CITY              VARCHAR2(30)    CONSTRAINT LOC03_CITY_NN  NOT NULL    
, STATE_PROVIENCE   VARCHAR2(25)
, COUNTRY_ID        CHAR(2)
, CONSTRAINT LOC03_ID_PK PRIMARY KEY(LOCATION_ID)
, CONSTRAINT LOC03_C_ID_FK FOREIGN KEY(COUNTRY_ID)
                        REFERENCES COUNTRIES03(COUNTRY_ID)
);
--==>> Table LOCATIONS03이(가) 생성되었습니다.

--○ 시퀀스 생성
CREATE SEQUENCE LOCATIONS03_SEQ   
START WITH 1000                -- 시작값
INCREMENT BY 100             -- 증가값
MAXVALUE 9900               -- 최대값 제한 없음
NOCACHE;  
--==>> Sequence LOCATIONS03_SEQ이(가) 생성되었습니다.

--○ LOCATIONS03 테이블에 데이터 입력
INSERT INTO LOCATIONS03(LOCATION_ID, STREET_ADDRESS, POSTAL_CODE, CITY, STATE_PROVIENCE, COUNTRY_ID) VALUES
(LOCATIONS03_SEQ.NEXTVAL, '1297 Via Cola di Rie', '00989', 'Roma', NULL, 'IT');
INSERT INTO LOCATIONS03(LOCATION_ID, STREET_ADDRESS, POSTAL_CODE, CITY, STATE_PROVIENCE, COUNTRY_ID) VALUES
(LOCATIONS03_SEQ.NEXTVAL, '93091 Calle della Testa','10934','Venice',NULL,'IT');
INSERT INTO LOCATIONS03(LOCATION_ID, STREET_ADDRESS, POSTAL_CODE, CITY, STATE_PROVIENCE, COUNTRY_ID) VALUES
(LOCATIONS03_SEQ.NEXTVAL, '2017 Shinjuku-ku','1689','Tokyo','Tokyo Prefecture','JP');
INSERT INTO LOCATIONS03(LOCATION_ID, STREET_ADDRESS, POSTAL_CODE, CITY, STATE_PROVIENCE, COUNTRY_ID) VALUES
(LOCATIONS03_SEQ.NEXTVAL, '9450 Kamiya-cho','6823','Hiroshima',NULL,'JP');
INSERT INTO LOCATIONS03(LOCATION_ID, STREET_ADDRESS, POSTAL_CODE, CITY, STATE_PROVIENCE, COUNTRY_ID) VALUES
(LOCATIONS03_SEQ.NEXTVAL, '2014 Jabberwocky Rd','26192','Southlake','Texas','US');
INSERT INTO LOCATIONS03(LOCATION_ID, STREET_ADDRESS, POSTAL_CODE, CITY, STATE_PROVIENCE, COUNTRY_ID) VALUES
(LOCATIONS03_SEQ.NEXTVAL, '2011 Interiors Blvd','99236','South San Francisco','California','US');
INSERT INTO LOCATIONS03(LOCATION_ID, STREET_ADDRESS, POSTAL_CODE, CITY, STATE_PROVIENCE, COUNTRY_ID) VALUES
(LOCATIONS03_SEQ.NEXTVAL, '2007 Zagora St','50090','South Brunswick','New Jersey','US');
INSERT INTO LOCATIONS03(LOCATION_ID, STREET_ADDRESS, POSTAL_CODE, CITY, STATE_PROVIENCE, COUNTRY_ID) VALUES
(LOCATIONS03_SEQ.NEXTVAL, '2004 Charade Rd','98199','Seattle','Washington','US');
INSERT INTO LOCATIONS03(LOCATION_ID, STREET_ADDRESS, POSTAL_CODE, CITY, STATE_PROVIENCE, COUNTRY_ID) VALUES
(LOCATIONS03_SEQ.NEXTVAL, '147 Spadina Ave','M5V 2L7', 'Toronto','Ontario','CA');
INSERT INTO LOCATIONS03(LOCATION_ID, STREET_ADDRESS, POSTAL_CODE, CITY, STATE_PROVIENCE, COUNTRY_ID) VALUES
(LOCATIONS03_SEQ.NEXTVAL, '6092 Boxwood St','YSW 9T2','Whitehorse','Yukon','CA');
INSERT INTO LOCATIONS03(LOCATION_ID, STREET_ADDRESS, POSTAL_CODE, CITY, STATE_PROVIENCE, COUNTRY_ID) VALUES
(LOCATIONS03_SEQ.NEXTVAL, '40-5-12 Laogianggen','190518','Beijing',NULL,'CN');
INSERT INTO LOCATIONS03(LOCATION_ID, STREET_ADDRESS, POSTAL_CODE, CITY, STATE_PROVIENCE, COUNTRY_ID) VALUES
(LOCATIONS03_SEQ.NEXTVAL, '1298 Vileparle (E)', '490231','Bombay','Maharashtra','IN');
INSERT INTO LOCATIONS03(LOCATION_ID, STREET_ADDRESS, POSTAL_CODE, CITY, STATE_PROVIENCE, COUNTRY_ID) VALUES
(LOCATIONS03_SEQ.NEXTVAL, '12-98 Victoria Street','2901','Sydney','New South Wales','AU');
INSERT INTO LOCATIONS03(LOCATION_ID, STREET_ADDRESS, POSTAL_CODE, CITY, STATE_PROVIENCE, COUNTRY_ID) VALUES
(LOCATIONS03_SEQ.NEXTVAL, '198 Clementi North','540198','Singapore',NULL,'SG');
INSERT INTO LOCATIONS03(LOCATION_ID, STREET_ADDRESS, POSTAL_CODE, CITY, STATE_PROVIENCE, COUNTRY_ID) VALUES
(LOCATIONS03_SEQ.NEXTVAL, '8204 Arthur St',NULL,'London',NULL,'UK');
INSERT INTO LOCATIONS03(LOCATION_ID, STREET_ADDRESS, POSTAL_CODE, CITY, STATE_PROVIENCE, COUNTRY_ID) VALUES
(LOCATIONS03_SEQ.NEXTVAL, 'Magdalen Centre, The Oxford Science Park','OX9 9ZB','Oxford','Oxford','UK');
INSERT INTO LOCATIONS03(LOCATION_ID, STREET_ADDRESS, POSTAL_CODE, CITY, STATE_PROVIENCE, COUNTRY_ID) VALUES
(LOCATIONS03_SEQ.NEXTVAL, '9702 Chester Road','09629850293','Stretford','Manchester','UK');
INSERT INTO LOCATIONS03(LOCATION_ID, STREET_ADDRESS, POSTAL_CODE, CITY, STATE_PROVIENCE, COUNTRY_ID) VALUES
(LOCATIONS03_SEQ.NEXTVAL, 'Schwanthalerstr. 7031','80925','Munich','Bavaria','DE');
INSERT INTO LOCATIONS03(LOCATION_ID, STREET_ADDRESS, POSTAL_CODE, CITY, STATE_PROVIENCE, COUNTRY_ID) VALUES
(LOCATIONS03_SEQ.NEXTVAL, 'Rua Frei Caneca 1360', '01307-002','Sao paulo','Sao paulo','BR');
INSERT INTO LOCATIONS03(LOCATION_ID, STREET_ADDRESS, POSTAL_CODE, CITY, STATE_PROVIENCE, COUNTRY_ID) VALUES
(LOCATIONS03_SEQ.NEXTVAL, '20 Rue des Corps-Saints','1730','Geneva','Geneve','CH');
INSERT INTO LOCATIONS03(LOCATION_ID, STREET_ADDRESS, POSTAL_CODE, CITY, STATE_PROVIENCE, COUNTRY_ID) VALUES
(LOCATIONS03_SEQ.NEXTVAL, 'Murtenstrasse 921','3095','Bern','BE','CH');
INSERT INTO LOCATIONS03(LOCATION_ID, STREET_ADDRESS, POSTAL_CODE, CITY, STATE_PROVIENCE, COUNTRY_ID) VALUES
(LOCATIONS03_SEQ.NEXTVAL, 'Pieter Breughelstraat 837','3029SK','Utrecht','Utrecht','NL');
INSERT INTO LOCATIONS03(LOCATION_ID, STREET_ADDRESS, POSTAL_CODE, CITY, STATE_PROVIENCE, COUNTRY_ID) VALUES
(LOCATIONS03_SEQ.NEXTVAL, 'Mariano Escobedo 9991','11932','Mexico City','Distrito Federal','MX');
--==>> 1 행 이(가) 삽입되었습니다. * 23



--■ DEPARTMENTS03 테이블 생성
CREATE TABLE DEPARTMENTS03
(   DEPARTMENT_ID       NUMBER(4)      CONSTRAINT DEPT03_NAME_NN NOT NULL
,   DEPARTMENT_NAME     VARCHAR2(30)   
,   MANAGER_ID          NUMBER(6) 
,   LOCATION_ID         NUMBER(4)
, CONSTRAINT DEPT03_ID_PK PRIMARY KEY(DEPARTMENT_ID)
, CONSTRAINT DEPT03_LOC_FK FOREIGN KEY(LOCATION_ID)
                        REFERENCES LOCATIONS03(LOCATION_ID)
);
--==>> Table DEPARTMENTS03이(가) 생성되었습니다.

--○ 시퀀스 생성
CREATE SEQUENCE DEPARTMENTS03_SEQ   
START WITH 10                -- 시작값
INCREMENT BY 10             -- 증가값
MAXVALUE 9990               -- 최대값 제한 없음
NOCACHE;
--==>> Sequence DEPARTMENTS03_SEQ이(가) 생성되었습니다.

--○ DEPARTMENTS03 테이블에 데이터 입력
INSERT INTO DEPARTMENTS03(DEPARTMENT_ID,DEPARTMENT_NAME,MANAGER_ID,LOCATION_ID)
VALUES(DEPARTMENTS03_SEQ.NEXTVAL,'Administration',200,1700);
INSERT INTO DEPARTMENTS03(DEPARTMENT_ID,DEPARTMENT_NAME,MANAGER_ID,LOCATION_ID)
VALUES(DEPARTMENTS03_SEQ.NEXTVAL,'Marketing',201,1800);
INSERT INTO DEPARTMENTS03(DEPARTMENT_ID,DEPARTMENT_NAME,MANAGER_ID,LOCATION_ID)
VALUES(DEPARTMENTS03_SEQ.NEXTVAL,'Purchasing',114,1700);
INSERT INTO DEPARTMENTS03(DEPARTMENT_ID,DEPARTMENT_NAME,MANAGER_ID,LOCATION_ID)
VALUES(DEPARTMENTS03_SEQ.NEXTVAL,'Human Resources',203,2400);
INSERT INTO DEPARTMENTS03(DEPARTMENT_ID,DEPARTMENT_NAME,MANAGER_ID,LOCATION_ID)
VALUES(DEPARTMENTS03_SEQ.NEXTVAL,'Shipping',121,1500);
INSERT INTO DEPARTMENTS03(DEPARTMENT_ID,DEPARTMENT_NAME,MANAGER_ID,LOCATION_ID)
VALUES(DEPARTMENTS03_SEQ.NEXTVAL,'IT',103,1400);
INSERT INTO DEPARTMENTS03(DEPARTMENT_ID,DEPARTMENT_NAME,MANAGER_ID,LOCATION_ID)
VALUES(DEPARTMENTS03_SEQ.NEXTVAL,'Public Relations',204,2700);
INSERT INTO DEPARTMENTS03(DEPARTMENT_ID,DEPARTMENT_NAME,MANAGER_ID,LOCATION_ID)
VALUES(DEPARTMENTS03_SEQ.NEXTVAL,'Sales',145,2500);
INSERT INTO DEPARTMENTS03(DEPARTMENT_ID,DEPARTMENT_NAME,MANAGER_ID,LOCATION_ID)
VALUES(DEPARTMENTS03_SEQ.NEXTVAL,'Executive',100,1700);
INSERT INTO DEPARTMENTS03(DEPARTMENT_ID,DEPARTMENT_NAME,MANAGER_ID,LOCATION_ID)
VALUES(DEPARTMENTS03_SEQ.NEXTVAL,'Finance',108,1700);
INSERT INTO DEPARTMENTS03(DEPARTMENT_ID,DEPARTMENT_NAME,MANAGER_ID,LOCATION_ID)
VALUES(DEPARTMENTS03_SEQ.NEXTVAL,'Accounting',205,1700);
INSERT INTO DEPARTMENTS03(DEPARTMENT_ID,DEPARTMENT_NAME,MANAGER_ID,LOCATION_ID)
VALUES(DEPARTMENTS03_SEQ.NEXTVAL,'Treasury',NULL,1700);
INSERT INTO DEPARTMENTS03(DEPARTMENT_ID,DEPARTMENT_NAME,MANAGER_ID,LOCATION_ID)
VALUES(DEPARTMENTS03_SEQ.NEXTVAL,'Corporate Tax',NULL,1700);
INSERT INTO DEPARTMENTS03(DEPARTMENT_ID,DEPARTMENT_NAME,MANAGER_ID,LOCATION_ID)
VALUES(DEPARTMENTS03_SEQ.NEXTVAL,	'Control And Credit',NULL,	1700);
INSERT INTO DEPARTMENTS03(DEPARTMENT_ID,DEPARTMENT_NAME,MANAGER_ID,LOCATION_ID)
VALUES(DEPARTMENTS03_SEQ.NEXTVAL,'Shareholder Services',NULL,	1700);
INSERT INTO DEPARTMENTS03(DEPARTMENT_ID,DEPARTMENT_NAME,MANAGER_ID,LOCATION_ID)
VALUES(DEPARTMENTS03_SEQ.NEXTVAL,'Benefits',NULL,1700);
INSERT INTO DEPARTMENTS03(DEPARTMENT_ID,DEPARTMENT_NAME,MANAGER_ID,LOCATION_ID)
VALUES(DEPARTMENTS03_SEQ.NEXTVAL,'Manufacturing',NULL,1700);
INSERT INTO DEPARTMENTS03(DEPARTMENT_ID,DEPARTMENT_NAME,MANAGER_ID,LOCATION_ID)
VALUES(DEPARTMENTS03_SEQ.NEXTVAL,'Construction',NULL,1700);
INSERT INTO DEPARTMENTS03(DEPARTMENT_ID,DEPARTMENT_NAME,MANAGER_ID,LOCATION_ID)
VALUES(DEPARTMENTS03_SEQ.NEXTVAL,'Contracting',NULL,1700);
INSERT INTO DEPARTMENTS03(DEPARTMENT_ID,DEPARTMENT_NAME,MANAGER_ID,LOCATION_ID)
VALUES(DEPARTMENTS03_SEQ.NEXTVAL,'Operations',NULL,1700);
INSERT INTO DEPARTMENTS03(DEPARTMENT_ID,DEPARTMENT_NAME,MANAGER_ID,LOCATION_ID)
VALUES(DEPARTMENTS03_SEQ.NEXTVAL,'IT Support',NULL,1700);
INSERT INTO DEPARTMENTS03(DEPARTMENT_ID,DEPARTMENT_NAME,MANAGER_ID,LOCATION_ID)
VALUES(DEPARTMENTS03_SEQ.NEXTVAL,'NOC',NULL,1700);
INSERT INTO DEPARTMENTS03(DEPARTMENT_ID,DEPARTMENT_NAME,MANAGER_ID,LOCATION_ID)
VALUES(DEPARTMENTS03_SEQ.NEXTVAL,'IT Helpdesk',NULL,1700);
INSERT INTO DEPARTMENTS03(DEPARTMENT_ID,DEPARTMENT_NAME,MANAGER_ID,LOCATION_ID)
VALUES(DEPARTMENTS03_SEQ.NEXTVAL,'Government Sales',NULL,1700);
INSERT INTO DEPARTMENTS03(DEPARTMENT_ID,DEPARTMENT_NAME,MANAGER_ID,LOCATION_ID)
VALUES(DEPARTMENTS03_SEQ.NEXTVAL,'Retail Sales',NULL,1700);
INSERT INTO DEPARTMENTS03(DEPARTMENT_ID,DEPARTMENT_NAME,MANAGER_ID,LOCATION_ID)
VALUES(DEPARTMENTS03_SEQ.NEXTVAL,'Recruiting',NULL,1700);
INSERT INTO DEPARTMENTS03(DEPARTMENT_ID,DEPARTMENT_NAME,MANAGER_ID,LOCATION_ID)
VALUES(DEPARTMENTS03_SEQ.NEXTVAL,'Payroll',NULL,1700);
--==>> 1 행 이(가) 삽입되었습니다. * 27



--■ EMPLOYEE03 테이블 생성
CREATE TABLE EMPLOYEES03
( EMPLOYEE_ID       NUMBER(6)       
, FIRST_NAME        VARCHAR2(20)
, LAST_NAME         VARCHAR2(25)    CONSTRAINT EMP03_LAST_NAME_NN NOT NULL
, EMAIL             VARCHAR2(25)    CONSTRAINT EMP03_EMAIL_NN NOT NULL
, PHONE_NUMBER      VARCHAR2(20)
, HIRE_DATE         DATE            CONSTRAINT EMP03_HIRE_DATE_NN NOT NULL
, JOB_ID            VARCHAR2(10)    CONSTRAINT EMP03_JOB_NN NOT NULL
, SALARY            NUMBER(8, 2)    CONSTRAINT EMP03_SALARY_MIN CHECK(SALARY>0) 
, COMMISSION_PCT    NUMBER(2,2)
, MANAGER_ID        NUMBER(6)
, DEPARTMENT_ID     NUMBER(4)
, CONSTRAINT EMP03_EMP_ID_PK PRIMARY KEY(EMPLOYEE_ID)
, CONSTRAINT EMP03_DEPT_FK FOREIGN KEY(DEPARTMENT_ID)
                    REFERENCES DEPARTMENTS03(DEPARTMENT_ID)
, CONSTRAINT EMP03_JOB_FK FOREIGN KEY(JOB_ID)
                    REFERENCES JOBS03(JOB_ID)
, CONSTRAINT EMP03_EMAIL_UK UNIQUE(EMAIL)
);
--==>> Table EMPLOYEES03이(가) 생성되었습니다.

--○ 시퀀스 생성
CREATE SEQUENCE EMPLOYEES03_SEQ   
START WITH 100                -- 시작값
INCREMENT BY 1             -- 증가값
NOMAXVALUE               -- 최대값 제한 없음
NOCACHE;
--==>> Sequence EMPLOYEES03_SEQ이(가) 생성되었습니다.

--○ EMPLOYEE03 테이블에 데이터 입력
INSERT INTO EMPLOYEES03(EMPLOYEE_ID, FIRST_NAME, LAST_NAME, EMAIL, PHONE_NUMBER, HIRE_DATE, JOB_ID, SALARY, COMMISSION_PCT, MANAGER_ID, DEPARTMENT_ID)
VALUES(EMPLOYEES03_SEQ.NEXTVAL, 'Steven', 'King', 'SKING', '515.123.4567', TO_DATE('2003-06-17 00:00:00', 'YYYY-MM-DD HH24:MI:SS'), 'AD_PRES', 24000, NULL, NULL, 90);
INSERT INTO EMPLOYEES03(EMPLOYEE_ID, FIRST_NAME, LAST_NAME, EMAIL, PHONE_NUMBER, HIRE_DATE, JOB_ID, SALARY, COMMISSION_PCT, MANAGER_ID, DEPARTMENT_ID)
VALUES(EMPLOYEES03_SEQ.NEXTVAL, 'Neena', 'Kochhar', 'NKOCHHAR', '515.123.4568', TO_DATE('2005-09-21 00:00:00', 'YYYY-MM-DD HH24:MI:SS'), 'AD_VP', 17000, NULL, 100, 90);
INSERT INTO EMPLOYEES03(EMPLOYEE_ID, FIRST_NAME, LAST_NAME, EMAIL, PHONE_NUMBER, HIRE_DATE, JOB_ID, SALARY, COMMISSION_PCT, MANAGER_ID, DEPARTMENT_ID)
VALUES(EMPLOYEES03_SEQ.NEXTVAL, 'Lex', 'De Haan', 'LDEHAAN', '515.123.4569', TO_DATE('2001-01-13 00:00:00', 'YYYY-MM-DD HH24:MI:SS'), 'AD_VP', 17000, NULL, 100, 90);
INSERT INTO EMPLOYEES03(EMPLOYEE_ID, FIRST_NAME, LAST_NAME, EMAIL, PHONE_NUMBER, HIRE_DATE, JOB_ID, SALARY, COMMISSION_PCT, MANAGER_ID, DEPARTMENT_ID)
VALUES(EMPLOYEES03_SEQ.NEXTVAL, 'Alexander', 'Hunold', 'AHUNOLD', '590.423.4567', TO_DATE('2006-01-03 00:00:00', 'YYYY-MM-DD HH24:MI:SS'), 'IT_PROG', 9000, NULL, 102, 60);
INSERT INTO EMPLOYEES03(EMPLOYEE_ID, FIRST_NAME, LAST_NAME, EMAIL, PHONE_NUMBER, HIRE_DATE, JOB_ID, SALARY, COMMISSION_PCT, MANAGER_ID, DEPARTMENT_ID)
VALUES(EMPLOYEES03_SEQ.NEXTVAL, 'Bruce', 'Ernst', 'BERNST', '590.423.4568', TO_DATE('2007-05-21 00:00:00', 'YYYY-MM-DD HH24:MI:SS'), 'IT_PROG', 6000, NULL, 103, 60);
INSERT INTO EMPLOYEES03(EMPLOYEE_ID, FIRST_NAME, LAST_NAME, EMAIL, PHONE_NUMBER, HIRE_DATE, JOB_ID, SALARY, COMMISSION_PCT, MANAGER_ID, DEPARTMENT_ID)
VALUES(EMPLOYEES03_SEQ.NEXTVAL, 'David', 'Austin', 'DAUSTIN', '590.423.4569', TO_DATE('2005-06-25 00:00:00', 'YYYY-MM-DD HH24:MI:SS'), 'IT_PROG', 4800, NULL, 103, 60);
INSERT INTO EMPLOYEES03(EMPLOYEE_ID, FIRST_NAME, LAST_NAME, EMAIL, PHONE_NUMBER, HIRE_DATE, JOB_ID, SALARY, COMMISSION_PCT, MANAGER_ID, DEPARTMENT_ID)
VALUES(EMPLOYEES03_SEQ.NEXTVAL, 'Valli', 'Pataballa', 'VPATABAL', '590.423.4560', TO_DATE('2006-02-05 00:00:00', 'YYYY-MM-DD HH24:MI:SS'), 'IT_PROG', 4800, NULL, 103, 60);
INSERT INTO EMPLOYEES03(EMPLOYEE_ID, FIRST_NAME, LAST_NAME, EMAIL, PHONE_NUMBER, HIRE_DATE, JOB_ID, SALARY, COMMISSION_PCT, MANAGER_ID, DEPARTMENT_ID)
VALUES(EMPLOYEES03_SEQ.NEXTVAL, 'Diana', 'Lorentz', 'DLORENTZ', '590.423.5567', TO_DATE('2007-02-07 00:00:00', 'YYYY-MM-DD HH24:MI:SS'), 'IT_PROG', 4200, NULL, 103, 60);
INSERT INTO EMPLOYEES03(EMPLOYEE_ID, FIRST_NAME, LAST_NAME, EMAIL, PHONE_NUMBER, HIRE_DATE, JOB_ID, SALARY, COMMISSION_PCT, MANAGER_ID, DEPARTMENT_ID)
VALUES(EMPLOYEES03_SEQ.NEXTVAL, 'Nancy', 'Greenberg', 'NGREENBE', '515.124.4569', TO_DATE('2002-08-17 00:00:00', 'YYYY-MM-DD HH24:MI:SS'), 'FI_MGR', 12008, NULL, 101, 100);
INSERT INTO EMPLOYEES03(EMPLOYEE_ID, FIRST_NAME, LAST_NAME, EMAIL, PHONE_NUMBER, HIRE_DATE, JOB_ID, SALARY, COMMISSION_PCT, MANAGER_ID, DEPARTMENT_ID)
VALUES(EMPLOYEES03_SEQ.NEXTVAL,'Daniel','Faviet','DFAVIET','515.124.4169',TO_DATE('2002-08-16 00:00:00', 'YYYY-MM-DD HH24:MI:SS'),'FI_ACCOUNT',9000,NULL,108,100);
INSERT INTO EMPLOYEES03(EMPLOYEE_ID, FIRST_NAME, LAST_NAME, EMAIL, PHONE_NUMBER, HIRE_DATE, JOB_ID, SALARY, COMMISSION_PCT, MANAGER_ID, DEPARTMENT_ID)
VALUES(EMPLOYEES03_SEQ.NEXTVAL,'John','Chen','JCHEN','515.124.4269',TO_DATE('2005-09-28', 'YYYY-MM-DD HH24:MI:SS'),'FI_ACCOUNT',8200,NULL,108,100);

INSERT INTO EMPLOYEES03(EMPLOYEE_ID, FIRST_NAME, LAST_NAME, EMAIL, PHONE_NUMBER, HIRE_DATE, JOB_ID, SALARY, COMMISSION_PCT, MANAGER_ID, DEPARTMENT_ID)
VALUES(EMPLOYEES03_SEQ.NEXTVAL,'Ismael','Sciarra','ISCIARRA','515.124.4369',TO_DATE('2005-09-30 00:00:00', 'YYYY-MM-DD HH24:MI:SS'),'FI_ACCOUNT',7700,NULL,108,100);
INSERT INTO EMPLOYEES03(EMPLOYEE_ID, FIRST_NAME, LAST_NAME, EMAIL, PHONE_NUMBER, HIRE_DATE, JOB_ID, SALARY, COMMISSION_PCT, MANAGER_ID, DEPARTMENT_ID)
VALUES(EMPLOYEES03_SEQ.NEXTVAL,'Jose Manuel','Urman','JMURMAN','515.124.4469',TO_DATE('2006-03-07 00:00:00', 'YYYY-MM-DD HH24:MI:SS'),'FI_ACCOUNT',7800,NULL,108,100);
INSERT INTO EMPLOYEES03(EMPLOYEE_ID, FIRST_NAME, LAST_NAME, EMAIL, PHONE_NUMBER, HIRE_DATE, JOB_ID, SALARY, COMMISSION_PCT, MANAGER_ID, DEPARTMENT_ID)
VALUES(EMPLOYEES03_SEQ.NEXTVAL,'Luis','Popp','LPOPP','515.124.4567',TO_DATE('2007-12-07 00:00:00', 'YYYY-MM-DD HH24:MI:SS'),'FI_ACCOUNT',6900,NULL,108,100);
INSERT INTO EMPLOYEES03(EMPLOYEE_ID, FIRST_NAME, LAST_NAME, EMAIL, PHONE_NUMBER, HIRE_DATE, JOB_ID, SALARY, COMMISSION_PCT, MANAGER_ID, DEPARTMENT_ID)
VALUES(EMPLOYEES03_SEQ.NEXTVAL,'Den','Raphaely','DRAPHEAL','515.127.4561',TO_DATE('2002-12-07 00:00:00', 'YYYY-MM-DD HH24:MI:SS'),'PU_MAN',11000,NULL,100,30);
INSERT INTO EMPLOYEES03(EMPLOYEE_ID, FIRST_NAME, LAST_NAME, EMAIL, PHONE_NUMBER, HIRE_DATE, JOB_ID, SALARY, COMMISSION_PCT, MANAGER_ID, DEPARTMENT_ID)
VALUES(EMPLOYEES03_SEQ.NEXTVAL,'Alexander','Khoo','AKHOO','515.127.4562',TO_DATE('2003-05-18 00:00:00', 'YYYY-MM-DD HH24:MI:SS'),'PU_CLERK',3100,NULL,114,30);
INSERT INTO EMPLOYEES03(EMPLOYEE_ID, FIRST_NAME, LAST_NAME, EMAIL, PHONE_NUMBER, HIRE_DATE, JOB_ID, SALARY, COMMISSION_PCT, MANAGER_ID, DEPARTMENT_ID)
VALUES(EMPLOYEES03_SEQ.NEXTVAL,'Shelli','Baida','SBAIDA','515.127.4563',TO_DATE('2005-12-24 00:00:00', 'YYYY-MM-DD HH24:MI:SS'),'PU_CLERK',2900,NULL,114,30);
INSERT INTO EMPLOYEES03(EMPLOYEE_ID, FIRST_NAME, LAST_NAME, EMAIL, PHONE_NUMBER, HIRE_DATE, JOB_ID, SALARY, COMMISSION_PCT, MANAGER_ID, DEPARTMENT_ID)
VALUES(EMPLOYEES03_SEQ.NEXTVAL,'Sigal','Tobias','STOBIAS','515.127.4564',TO_DATE('2005-07-24 00:00:00', 'YYYY-MM-DD HH24:MI:SS'),'PU_CLERK',2800,NULL,114,30);
INSERT INTO EMPLOYEES03(EMPLOYEE_ID, FIRST_NAME, LAST_NAME, EMAIL, PHONE_NUMBER, HIRE_DATE, JOB_ID, SALARY, COMMISSION_PCT, MANAGER_ID, DEPARTMENT_ID)
VALUES(EMPLOYEES03_SEQ.NEXTVAL,'Guy','Himuro','GHIMURO','515.127.4565',TO_DATE('2006-11-15 00:00:00', 'YYYY-MM-DD HH24:MI:SS'),'PU_CLERK',2600,NULL,114,30);
INSERT INTO EMPLOYEES03(EMPLOYEE_ID, FIRST_NAME, LAST_NAME, EMAIL, PHONE_NUMBER, HIRE_DATE, JOB_ID, SALARY, COMMISSION_PCT, MANAGER_ID, DEPARTMENT_ID)
VALUES(EMPLOYEES03_SEQ.NEXTVAL,'Karen','Colmenares','KCOLMENA','515.127.4566',TO_DATE('2007-08-10 00:00:00', 'YYYY-MM-DD HH24:MI:SS'),'PU_CLERK',2500,NULL,114,30);
INSERT INTO EMPLOYEES03(EMPLOYEE_ID, FIRST_NAME, LAST_NAME, EMAIL, PHONE_NUMBER, HIRE_DATE, JOB_ID, SALARY, COMMISSION_PCT, MANAGER_ID, DEPARTMENT_ID)
VALUES(EMPLOYEES03_SEQ.NEXTVAL,'Matthew','Weiss','MWEISS','650.123.1234',TO_DATE('2004-07-18 00:00:00', 'YYYY-MM-DD HH24:MI:SS'),'ST_MAN',8000,NULL,100,50);

INSERT INTO EMPLOYEES03(EMPLOYEE_ID, FIRST_NAME, LAST_NAME, EMAIL, PHONE_NUMBER, HIRE_DATE, JOB_ID, SALARY, COMMISSION_PCT, MANAGER_ID, DEPARTMENT_ID)
VALUES(EMPLOYEES03_SEQ.NEXTVAL,'Adam','Fripp','AFRIPP','650.123.2234',TO_DATE('2005-04-10 00:00:00', 'YYYY-MM-DD HH24:MI:SS'),'ST_MAN',8200,NULL,100,50);
INSERT INTO EMPLOYEES03(EMPLOYEE_ID, FIRST_NAME, LAST_NAME, EMAIL, PHONE_NUMBER, HIRE_DATE, JOB_ID, SALARY, COMMISSION_PCT, MANAGER_ID, DEPARTMENT_ID)
VALUES(EMPLOYEES03_SEQ.NEXTVAL,'Payam','Kaufling','PKAUFLIN','650.123.3234',TO_DATE('2003-05-01 00:00:00', 'YYYY-MM-DD HH24:MI:SS'),'ST_MAN',7900,NULL,100,50);
INSERT INTO EMPLOYEES03(EMPLOYEE_ID, FIRST_NAME, LAST_NAME, EMAIL, PHONE_NUMBER, HIRE_DATE, JOB_ID, SALARY, COMMISSION_PCT, MANAGER_ID, DEPARTMENT_ID)
VALUES(EMPLOYEES03_SEQ.NEXTVAL,'Shanta','Vollman','SVOLLMAN','650.123.4234',TO_DATE('2005-10-10 00:00:00', 'YYYY-MM-DD HH24:MI:SS'),'ST_MAN',6500,NULL,100,50);
INSERT INTO EMPLOYEES03(EMPLOYEE_ID, FIRST_NAME, LAST_NAME, EMAIL, PHONE_NUMBER, HIRE_DATE, JOB_ID, SALARY, COMMISSION_PCT, MANAGER_ID, DEPARTMENT_ID)
VALUES(EMPLOYEES03_SEQ.NEXTVAL,'Kevin','Mourgos','KMOURGOS','650.123.5234',TO_DATE('2007-11-16 00:00:00', 'YYYY-MM-DD HH24:MI:SS'),'ST_MAN',5800,NULL,100,50);
INSERT INTO EMPLOYEES03(EMPLOYEE_ID, FIRST_NAME, LAST_NAME, EMAIL, PHONE_NUMBER, HIRE_DATE, JOB_ID, SALARY, COMMISSION_PCT, MANAGER_ID, DEPARTMENT_ID)
VALUES(EMPLOYEES03_SEQ.NEXTVAL,'Julia','Nayer','JNAYER','650.124.1214',TO_DATE('2005-07-16 00:00:00', 'YYYY-MM-DD HH24:MI:SS'),'ST_CLERK',3200,NULL,120,50);
INSERT INTO EMPLOYEES03(EMPLOYEE_ID, FIRST_NAME, LAST_NAME, EMAIL, PHONE_NUMBER, HIRE_DATE, JOB_ID, SALARY, COMMISSION_PCT, MANAGER_ID, DEPARTMENT_ID)
VALUES(EMPLOYEES03_SEQ.NEXTVAL,'Irene','Mikkilineni','IMIKKILI','650.124.1224',TO_DATE('2006-09-28 00:00:00', 'YYYY-MM-DD HH24:MI:SS'),'ST_CLERK',2700,NULL,120,50);
INSERT INTO EMPLOYEES03(EMPLOYEE_ID, FIRST_NAME, LAST_NAME, EMAIL, PHONE_NUMBER, HIRE_DATE, JOB_ID, SALARY, COMMISSION_PCT, MANAGER_ID, DEPARTMENT_ID)
VALUES(EMPLOYEES03_SEQ.NEXTVAL,'James','Landry','JLANDRY','650.124.1334',TO_DATE('2007-01-14 00:00:00', 'YYYY-MM-DD HH24:MI:SS'),'ST_CLERK',2400,NULL,120,50);
INSERT INTO EMPLOYEES03(EMPLOYEE_ID, FIRST_NAME, LAST_NAME, EMAIL, PHONE_NUMBER, HIRE_DATE, JOB_ID, SALARY, COMMISSION_PCT, MANAGER_ID, DEPARTMENT_ID)
VALUES(EMPLOYEES03_SEQ.NEXTVAL,'Steven','Markle','SMARKLE','650.124.1434',TO_DATE('2008-03-08 00:00:00', 'YYYY-MM-DD HH24:MI:SS'),'ST_CLERK',2200,NULL,120,50);
INSERT INTO EMPLOYEES03(EMPLOYEE_ID, FIRST_NAME, LAST_NAME, EMAIL, PHONE_NUMBER, HIRE_DATE, JOB_ID, SALARY, COMMISSION_PCT, MANAGER_ID, DEPARTMENT_ID)
VALUES(EMPLOYEES03_SEQ.NEXTVAL,'Laura','Bissot','LBISSOT','650.124.5234',TO_DATE('2005-08-20 00:00:00', 'YYYY-MM-DD HH24:MI:SS'),'ST_CLERK',3300,NULL,121,50);
INSERT INTO EMPLOYEES03(EMPLOYEE_ID, FIRST_NAME, LAST_NAME, EMAIL, PHONE_NUMBER, HIRE_DATE, JOB_ID, SALARY, COMMISSION_PCT, MANAGER_ID, DEPARTMENT_ID)
VALUES(EMPLOYEES03_SEQ.NEXTVAL,'Mozhe','Atkinson','MATKINSO','650.124.6234',TO_DATE('2005-10-30 00:00:00', 'YYYY-MM-DD HH24:MI:SS'),'ST_CLERK',2800,NULL,121,50);

INSERT INTO EMPLOYEES03 VALUES(EMPLOYEES03_SEQ.NEXTVAL,'James','Marlow','JAMRLOW','650.124.7234',TO_DATE('2005-02-16 00:00:00', 'YYYY-MM-DD HH24:MI:SS') ,'ST_CLERK',2500,NULL,121,50);
INSERT INTO EMPLOYEES03 VALUES(EMPLOYEES03_SEQ.NEXTVAL,'TJ','Olson','TJOLSON','650.124.8234',TO_DATE('2007-04-10 00:00:00', 'YYYY-MM-DD HH24:MI:SS'),'ST_CLERK',2100,NULL,121,50);
INSERT INTO EMPLOYEES03 VALUES(EMPLOYEES03_SEQ.NEXTVAL,'Jason','Mallin','JMALLIN','650.127.1934',TO_DATE('2004-06-14 00:00:00','YYYY-MM-DD HH24:MI:SS'),'ST_CLERK',3300,NULL,122,50);
INSERT INTO EMPLOYEES03 VALUES(EMPLOYEES03_SEQ.NEXTVAL,'Michael','Rogers','MROGERS','650.127.1834',TO_DATE('2006-08-26 00:00:00','YYYY-MM-DD HH24:MI:SS'),'ST_CLERK',2900,NULL,122,50);

INSERT INTO EMPLOYEES03 VALUES(EMPLOYEES03_SEQ.NEXTVAL,'Ki','Gee','KGEE','650.127.1734',TO_DATE('2007-12-12 00:00:00','YYYY-MM-DD HH24:MI:SS'),'ST_CLERK',2400, NULL,122,50);
INSERT INTO EMPLOYEES03 VALUES(EMPLOYEES03_SEQ.NEXTVAL,'Hazel','Philtanker','HPHILTAN','650.127.1634',TO_DATE('2008-02-06 00:00:00','YYYY-MM-DD HH24:MI:SS'),'ST_CLERK',2200,NULL,122,50);
INSERT INTO EMPLOYEES03 VALUES(EMPLOYEES03_SEQ.NEXTVAL,'Renske','Ladwig','RLADWIG','650.121.1234',TO_DATE('2003-07-14 00:00:00','YYYY-MM-DD HH24:MI:SS'),'ST_CLERK',3600,NULL,123,50);
INSERT INTO EMPLOYEES03 VALUES(EMPLOYEES03_SEQ.NEXTVAL,'Stephen','Stiles','SSTILES','650.121.2034',TO_DATE('2005-10-26 00:00:00','YYYY-MM-DD HH24:MI:SS'),'ST_CLERK',3200,NULL,123,50);
INSERT INTO EMPLOYEES03 VALUES(EMPLOYEES03_SEQ.NEXTVAL,'John','Seo','JSEO','650.121.2019',TO_DATE('2006-02-12 00:00:00','YYYY-MM-DD HH24:MI:SS'),'ST_CLERK',2700,NULL,123,50);

INSERT INTO EMPLOYEES03 VALUES(EMPLOYEES03_SEQ.NEXTVAL,'Joshua','Patel','JPATEL','650.121.1834',TO_DATE('2006-04-06 00:00:00','YYYY-MM-DD HH24:MI:SS'),'ST_CLERK',2500,NULL,123,50);
INSERT INTO EMPLOYEES03 VALUES(EMPLOYEES03_SEQ.NEXTVAL,'Trenna','Rajs','TRAJS','650.121.8009',TO_DATE('2003-10-17 00:00:00','YYYY-MM-DD HH24:MI:SS'),'ST_CLERK',3500,NULL,124,50);
INSERT INTO EMPLOYEES03 VALUES(EMPLOYEES03_SEQ.NEXTVAL,'Curtis','Davies','CDAVIES','650.121.2994',TO_DATE('2005-01-29 00:00:00','YYYY-MM-DD HH24:MI:SS'),'ST_CLERK',3100,NULL,124,50);
INSERT INTO EMPLOYEES03 VALUES(EMPLOYEES03_SEQ.NEXTVAL,'Randall','Matos','RMATOS','650.121.2874',TO_DATE('2006-03-15 00:00:00','YYYY-MM-DD HH24:MI:SS'),'ST_CLERK',2600,NULL,124,50);
INSERT INTO EMPLOYEES03 VALUES(EMPLOYEES03_SEQ.NEXTVAL,'Peter','Vargas','PVARGAS','650.121.2004',TO_DATE('2006-07-09 00:00:00','YYYY-MM-DD HH24:MI:SS'),'ST_CLERK',2500,NULL,124,50);

INSERT INTO EMPLOYEES03 VALUES(EMPLOYEES03_SEQ.NEXTVAL,'John','Russell','JRUSSEL','011.44.1344.429268',TO_DATE('2004-10-01 00:00:00','YYYY-MM-DD HH24:MI:SS'),'SA_MAN',14000,0.4,100,80);
INSERT INTO EMPLOYEES03 VALUES(EMPLOYEES03_SEQ.NEXTVAL,'Karen','Partners','KPARTNER','011.44.1344.467268',TO_DATE('2005-01-05 00:00:00','YYYY-MM-DD HH24:MI:SS'),'SA_MAN',13500,0.3,100,80);
INSERT INTO EMPLOYEES03 VALUES(EMPLOYEES03_SEQ.NEXTVAL,'Alberto','Errazuriz','AERRAZUR','011.44.1344.429278',TO_DATE('2005-03-10 00:00:00','YYYY-MM-DD HH24:MI:SS'),'SA_MAN',12000,0.3,100,80);
INSERT INTO EMPLOYEES03 VALUES(EMPLOYEES03_SEQ.NEXTVAL,'Gerald','Cambrault','GCAMBRAU','011.44.1344.619268',TO_DATE('2007-10-15 00:00:00','YYYY-MM-DD HH24:MI:SS'),'SA_MAN',11000,0.3,100,80);
INSERT INTO EMPLOYEES03 VALUES(EMPLOYEES03_SEQ.NEXTVAL,'Eleni','Zlotkey','EZLOTKEY','011.44.1344.429018',TO_DATE('2008-01-29 00:00:00','YYYY-MM-DD HH24:MI:SS'),'SA_MAN',10500,0.2,100,80);

INSERT INTO EMPLOYEES03 VALUES(EMPLOYEES03_SEQ.NEXTVAL,'Peter','Tucker','PTUCKER','011.44.1344.129268',TO_DATE('2005-01-30 00:00:00','YYYY-MM-DD HH24:MI:SS'),'SA_REP',10000,0.3,145,80);
INSERT INTO EMPLOYEES03 VALUES(EMPLOYEES03_SEQ.NEXTVAL,'David','Bernstein','DBERNSTE','011.44.1344.345268',TO_DATE('2005-03-24 00:00:00','YYYY-MM-DD HH24:MI:SS'),'SA_REP',9500,0.25,145,80);
INSERT INTO EMPLOYEES03 VALUES(EMPLOYEES03_SEQ.NEXTVAL,'Peter','Hall','PHALL','011.44.1344.478968',TO_DATE('2005-08-20 00:00:00','YYYY-MM-DD HH24:MI:SS'),'SA_REP',9000,0.25,145,80);
INSERT INTO EMPLOYEES03 VALUES(EMPLOYEES03_SEQ.NEXTVAL,'Christopher','Olsen','COLSEN','011.44.1344.498718',TO_DATE('2006-03-30 00:00:00','YYYY-MM-DD HH24:MI:SS'),'SA_REP',8000,0.2,145,80);
INSERT INTO EMPLOYEES03 VALUES(EMPLOYEES03_SEQ.NEXTVAL,'Nanette','Cambrault','NCAMBRAU','011.44.1344.987668',TO_DATE('2006-12-09 00:00:00','YYYY-MM-DD HH24:MI:SS'),'SA_REP',7500,0.2,145,80);

INSERT INTO EMPLOYEES03 VALUES(EMPLOYEES03_SEQ.NEXTVAL,'Oliver','Tuvault','OTUVAULT','011.44.1344.486508',TO_DATE('2007-11-23 00:00:00','YYYY-MM-DD HH24:MI:SS'),'SA_REP',7000,0.15,145,80);
INSERT INTO EMPLOYEES03 VALUES(EMPLOYEES03_SEQ.NEXTVAL,'Janette','King','JKING','011.44.1345.429268',TO_DATE('2004-01-30 00:00:00','YYYY-MM-DD HH24:MI:SS'),'SA_REP',10000,0.35,146,80);
INSERT INTO EMPLOYEES03 VALUES(EMPLOYEES03_SEQ.NEXTVAL,'Patrick','Sully','PSULLY','011.44.1345.929268',TO_DATE('2004-03-04 00:00:00','YYYY-MM-DD HH24:MI:SS'),'SA_REP',9500,0.35,146,80);
INSERT INTO EMPLOYEES03 VALUES(EMPLOYEES03_SEQ.NEXTVAL,'Allan','McEwen','AMCEWEN','011.44.1345.829268',TO_DATE('2004-08-01 00:00:00','YYYY-MM-DD HH24:MI:SS'),'SA_REP',9000,0.35,146,80);
INSERT INTO EMPLOYEES03 VALUES(EMPLOYEES03_SEQ.NEXTVAL,'Lindsey','Smith','LSMITH','011.44.1345.729268',TO_DATE('2005-03-10 00:00:00','YYYY-MM-DD HH24:MI:SS'),'SA_REP',8000,0.3,146,80);

INSERT INTO EMPLOYEES03 VALUES(EMPLOYEES03_SEQ.NEXTVAL,'Louise','Doran','LDORAN','011.44.1345.629268',TO_DATE('2005-12-15 00:00:00','YYYY-MM-DD HH24:MI:SS'),'SA_REP',7500,0.3,146,80);
INSERT INTO EMPLOYEES03 VALUES(EMPLOYEES03_SEQ.NEXTVAL,'Sarath','Sewall','SSEWALL','011.44.1345.529268',TO_DATE('2006-11-03 00:00:00','YYYY-MM-DD HH24:MI:SS'),'SA_REP',7000,0.25,146,80);
INSERT INTO EMPLOYEES03 VALUES(EMPLOYEES03_SEQ.NEXTVAL,'Clara','Vishney','CVISHNEY','011.44.1346.129268',TO_DATE('2005-11-11 00:00:00','YYYY-MM-DD HH24:MI:SS'),'SA_REP',10500,0.25,147,80);
INSERT INTO EMPLOYEES03 VALUES(EMPLOYEES03_SEQ.NEXTVAL,'Danielle','Greene','DGREENE','011.44.1346.229268',TO_DATE('2007-03-19 00:00:00','YYYY-MM-DD HH24:MI:SS'),'SA_REP',9500,0.15,147,80);
INSERT INTO EMPLOYEES03 VALUES(EMPLOYEES03_SEQ.NEXTVAL,'Mattea','Marvins','MMARVINS','011.44.1346.329268',TO_DATE('2008-01-24 00:00:00','YYYY-MM-DD HH24:MI:SS'),'SA_REP',7200,0.1,147,80);

INSERT INTO EMPLOYEES03 VALUES(EMPLOYEES03_SEQ.NEXTVAL,'David','Lee','DLEE','011.44.1346.529268',TO_DATE('2008-02-23 00:00:00','YYYY-MM-DD HH24:MI:SS'),'SA_REP',6800,0.1,147,80);
INSERT INTO EMPLOYEES03 VALUES(EMPLOYEES03_SEQ.NEXTVAL,'Sundar','Ande','SANDE','011.44.1346.629268',TO_DATE('2008-03-24 00:00:00','YYYY-MM-DD HH24:MI:SS'),'SA_REP',6400,0.1,147,80);
INSERT INTO EMPLOYEES03 VALUES(EMPLOYEES03_SEQ.NEXTVAL,'Amit','Banda','ABANDA','011.44.1346.729268',TO_DATE('2008-04-21 00:00:00','YYYY-MM-DD HH24:MI:SS'),'SA_REP',6200,0.1,147,80);
INSERT INTO EMPLOYEES03 VALUES(EMPLOYEES03_SEQ.NEXTVAL,'Lisa','Ozer','LOZER','011.44.1343.929268',TO_DATE('2005-03-11 00:00:00','YYYY-MM-DD HH24:MI:SS'),'SA_REP',11500,0.25,148,80);
INSERT INTO EMPLOYEES03 VALUES(EMPLOYEES03_SEQ.NEXTVAL,'Harrison','Bloom','HBLOOM','011.44.1343.829268',TO_DATE('2006-03-23 00:00:00','YYYY-MM-DD HH24:MI:SS'),'SA_REP',10000,0.2,148,80);


INSERT INTO EMPLOYEES03(EMPLOYEE_ID, FIRST_NAME, LAST_NAME, EMAIL, PHONE_NUMBER, HIRE_DATE, JOB_ID, SALARY, COMMISSION_PCT, MANAGER_ID, DEPARTMENT_ID)
VALUES(EMPLOYEES03_SEQ.NEXTVAL, 'Tayler', 'Fox', 'TFOX', '011.44.1343.729268', TO_DATE('2006-01-24 00:00:00', 'YYYY-MM-DD HH24:MI:SS'), 'SA_REP', 9600, 0.2, 148, 80);
INSERT INTO EMPLOYEES03(EMPLOYEE_ID, FIRST_NAME, LAST_NAME, EMAIL, PHONE_NUMBER, HIRE_DATE, JOB_ID, SALARY, COMMISSION_PCT, MANAGER_ID, DEPARTMENT_ID)
VALUES(EMPLOYEES03_SEQ.NEXTVAL, 'William', 'Smith', 'WSMITH', '011.44.1343.629268', TO_DATE('2007-02-23 00:00:00', 'YYYY-MM-DD HH24:MI:SS'), 'SA_REP', 7400, 0.15, 148, 80);
INSERT INTO EMPLOYEES03(EMPLOYEE_ID, FIRST_NAME, LAST_NAME, EMAIL, PHONE_NUMBER, HIRE_DATE, JOB_ID, SALARY, COMMISSION_PCT, MANAGER_ID, DEPARTMENT_ID)
VALUES(EMPLOYEES03_SEQ.NEXTVAL, 'Elizabeth', 'Bates', 'EBATES', '011.44.1343.529268', TO_DATE('2007-03-24 00:00:00', 'YYYY-MM-DD HH24:MI:SS'), 'SA_REP', 7300, 0.15, 148, 80);
INSERT INTO EMPLOYEES03(EMPLOYEE_ID, FIRST_NAME, LAST_NAME, EMAIL, PHONE_NUMBER, HIRE_DATE, JOB_ID, SALARY, COMMISSION_PCT, MANAGER_ID, DEPARTMENT_ID)
VALUES(EMPLOYEES03_SEQ.NEXTVAL, 'Sundita', 'Kumar', 'SKUMAR', '011.44.1343.329268', TO_DATE('2008-04-21 00:00:00', 'YYYY-MM-DD HH24:MI:SS'), 'SA_REP', 6100, 0.1, 148, 80);
INSERT INTO EMPLOYEES03(EMPLOYEE_ID, FIRST_NAME, LAST_NAME, EMAIL, PHONE_NUMBER, HIRE_DATE, JOB_ID, SALARY, COMMISSION_PCT, MANAGER_ID, DEPARTMENT_ID)
VALUES(EMPLOYEES03_SEQ.NEXTVAL, 'Ellen', 'Abel', 'EABEL', '011.44.1644.429267', TO_DATE('2004-05-11 00:00:00', 'YYYY-MM-DD HH24:MI:SS'), 'SA_REP', 11000, 0.3, 149, 80);
INSERT INTO EMPLOYEES03(EMPLOYEE_ID, FIRST_NAME, LAST_NAME, EMAIL, PHONE_NUMBER, HIRE_DATE, JOB_ID, SALARY, COMMISSION_PCT, MANAGER_ID, DEPARTMENT_ID)
VALUES(EMPLOYEES03_SEQ.NEXTVAL, 'Alyssa', 'Hutton', 'AHUTTON', '011.44.1644.429266', TO_DATE('2005-03-19 00:00:00', 'YYYY-MM-DD HH24:MI:SS'), 'SA_REP', 8800, 0.25, 149, 80);
INSERT INTO EMPLOYEES03(EMPLOYEE_ID, FIRST_NAME, LAST_NAME, EMAIL, PHONE_NUMBER, HIRE_DATE, JOB_ID, SALARY, COMMISSION_PCT, MANAGER_ID, DEPARTMENT_ID)
VALUES(EMPLOYEES03_SEQ.NEXTVAL, 'Jonathon', 'Taylor', 'JTAYLOR', '011.44.1644.429265', TO_DATE('2006-03-24 00:00:00', 'YYYY-MM-DD HH24:MI:SS'), 'SA_REP', 8600, 0.2, 149, 80);
INSERT INTO EMPLOYEES03(EMPLOYEE_ID, FIRST_NAME, LAST_NAME, EMAIL, PHONE_NUMBER, HIRE_DATE, JOB_ID, SALARY, COMMISSION_PCT, MANAGER_ID, DEPARTMENT_ID)
VALUES(EMPLOYEES03_SEQ.NEXTVAL, 'Jack', 'Livingston', 'JLIVINGS', '011.44.1644.429264', TO_DATE('2006-04-23 00:00:00', 'YYYY-MM-DD HH24:MI:SS'), 'SA_REP', 8400, 0.2, 149, 80);
INSERT INTO EMPLOYEES03(EMPLOYEE_ID, FIRST_NAME, LAST_NAME, EMAIL, PHONE_NUMBER, HIRE_DATE, JOB_ID, SALARY, COMMISSION_PCT, MANAGER_ID, DEPARTMENT_ID)
VALUES(EMPLOYEES03_SEQ.NEXTVAL, 'Kimberely', 'Grant', 'KGRANT', '011.44.1644.429263', TO_DATE('2007-05-24 00:00:00', 'YYYY-MM-DD HH24:MI:SS'), 'SA_REP', 7000, 0.15, 149, NULL);
INSERT INTO EMPLOYEES03(EMPLOYEE_ID, FIRST_NAME, LAST_NAME, EMAIL, PHONE_NUMBER, HIRE_DATE, JOB_ID, SALARY, COMMISSION_PCT, MANAGER_ID, DEPARTMENT_ID)
VALUES(EMPLOYEES03_SEQ.NEXTVAL, 'Charles', 'Johnson', 'CJOHNSON', '011.44.1644.429262', TO_DATE('2008-01-04 00:00:00', 'YYYY-MM-DD HH24:MI:SS'),'SA_REP', 6200, 0.1, 149, 80);
INSERT INTO EMPLOYEES03(EMPLOYEE_ID, FIRST_NAME, LAST_NAME, EMAIL, PHONE_NUMBER, HIRE_DATE, JOB_ID, SALARY, COMMISSION_PCT, MANAGER_ID, DEPARTMENT_ID)
VALUES(EMPLOYEES03_SEQ.NEXTVAL, 'Winston', 'Taylor', 'WTAYLOR', '650.507.9876', TO_DATE('2006-01-24 00:00:00', 'YYYY-MM-DD HH24:MI:SS'), 'SH_CLERK', 3200, NULL, 120, 50);

INSERT INTO EMPLOYEES03(EMPLOYEE_ID, FIRST_NAME, LAST_NAME, EMAIL, PHONE_NUMBER, HIRE_DATE, JOB_ID, SALARY, COMMISSION_PCT, MANAGER_ID, DEPARTMENT_ID)
VALUES(EMPLOYEES03_SEQ.NEXTVAL, 'Jean', 'Fleaur', 'JFLEAUR', '650.507.9877', TO_DATE('2006-02-23 00:00:00', 'YYYY-MM-DD HH24:MI:SS'), 'SH_CLERK', 3100, NULL, 120, 50);
INSERT INTO EMPLOYEES03(EMPLOYEE_ID, FIRST_NAME, LAST_NAME, EMAIL, PHONE_NUMBER, HIRE_DATE, JOB_ID, SALARY, COMMISSION_PCT, MANAGER_ID, DEPARTMENT_ID)
VALUES(EMPLOYEES03_SEQ.NEXTVAL, 'Martha', 'Sullivan', 'MSULLIVA', '650.507.9878', TO_DATE('2007-06-21 00:00:00', 'YYYY-MM-DD HH24:MI:SS'),'SH_CLERK', 2500, NULL, 120, 50);
INSERT INTO EMPLOYEES03(EMPLOYEE_ID, FIRST_NAME, LAST_NAME, EMAIL, PHONE_NUMBER, HIRE_DATE, JOB_ID, SALARY, COMMISSION_PCT, MANAGER_ID, DEPARTMENT_ID)
VALUES(EMPLOYEES03_SEQ.NEXTVAL, 'Girard', 'Geoni', 'GGEONI', '650.507.9879', TO_DATE('2008-02-03 00:00:00', 'YYYY-MM-DD HH24:MI:SS'), 'SH_CLERK', 2800, NULL, 120, 50);
INSERT INTO EMPLOYEES03(EMPLOYEE_ID, FIRST_NAME, LAST_NAME, EMAIL, PHONE_NUMBER, HIRE_DATE, JOB_ID, SALARY, COMMISSION_PCT, MANAGER_ID, DEPARTMENT_ID)
VALUES(EMPLOYEES03_SEQ.NEXTVAL, 'Nandita', 'Sarchand', 'NSARCHAN', '650.509.1876', TO_DATE('2004-01-27 00:00:00', 'YYYY-MM-DD HH24:MI:SS'), 'SH_CLERK', 4200, NULL, 121, 50);
INSERT INTO EMPLOYEES03(EMPLOYEE_ID, FIRST_NAME, LAST_NAME, EMAIL, PHONE_NUMBER, HIRE_DATE, JOB_ID, SALARY, COMMISSION_PCT, MANAGER_ID, DEPARTMENT_ID)
VALUES(EMPLOYEES03_SEQ.NEXTVAL, 'Alexis', 'Bull', 'ABULL', '650.509.2876', TO_DATE('2005-02-20 00:00:00', 'YYYY-MM-DD HH24:MI:SS'), 'SH_CLERK', 4100, NULL, 121, 50);
INSERT INTO EMPLOYEES03(EMPLOYEE_ID, FIRST_NAME, LAST_NAME, EMAIL, PHONE_NUMBER, HIRE_DATE, JOB_ID, SALARY, COMMISSION_PCT, MANAGER_ID, DEPARTMENT_ID)
VALUES(EMPLOYEES03_SEQ.NEXTVAL, 'Julia', 'Dellinger', 'JDELLING', '650.509.3876', TO_DATE('2006-06-24 00:00:00', 'YYYY-MM-DD HH24:MI:SS'), 'SH_CLERK', 3400, NULL, 121, 50);
INSERT INTO EMPLOYEES03(EMPLOYEE_ID, FIRST_NAME, LAST_NAME, EMAIL, PHONE_NUMBER, HIRE_DATE, JOB_ID, SALARY, COMMISSION_PCT, MANAGER_ID, DEPARTMENT_ID)
VALUES(EMPLOYEES03_SEQ.NEXTVAL, 'Anthony', 'Cabrio', 'ACABRIO', '650.509.4876', TO_DATE('2007-02-07 00:00:00', 'YYYY-MM-DD HH24:MI:SS'), 'SH_CLERK', 3000, NULL, 121, 50);
INSERT INTO EMPLOYEES03(EMPLOYEE_ID, FIRST_NAME, LAST_NAME, EMAIL, PHONE_NUMBER, HIRE_DATE, JOB_ID, SALARY, COMMISSION_PCT, MANAGER_ID, DEPARTMENT_ID)
VALUES(EMPLOYEES03_SEQ.NEXTVAL, 'Kelly', 'Chung', 'KCHUNG', '650.505.1876', TO_DATE('2005-06-14 00:00:00', 'YYYY-MM-DD HH24:MI:SS'), 'SH_CLERK', 3800, NULL, 122, 50);
INSERT INTO EMPLOYEES03(EMPLOYEE_ID, FIRST_NAME, LAST_NAME, EMAIL, PHONE_NUMBER, HIRE_DATE, JOB_ID, SALARY, COMMISSION_PCT, MANAGER_ID, DEPARTMENT_ID)
VALUES(EMPLOYEES03_SEQ.NEXTVAL, 'Jennifer', 'Dilly', 'JDILLY', '650.505.2876', TO_DATE('2005-08-13 00:00:00', 'YYYY-MM-DD HH24:MI:SS'), 'SH_CLERK', 3600, NULL, 122, 50);
INSERT INTO EMPLOYEES03(EMPLOYEE_ID, FIRST_NAME, LAST_NAME, EMAIL, PHONE_NUMBER, HIRE_DATE, JOB_ID, SALARY, COMMISSION_PCT, MANAGER_ID, DEPARTMENT_ID)
VALUES(EMPLOYEES03_SEQ.NEXTVAL, 'Timothy', 'Gates', 'TGATES', '650.505.3876', TO_DATE('2006-07-11 00:00:00', 'YYYY-MM-DD HH24:MI:SS'), 'SH_CLERK', 2900, NULL, 122, 50);

INSERT INTO EMPLOYEES03(EMPLOYEE_ID, FIRST_NAME, LAST_NAME, EMAIL, PHONE_NUMBER, HIRE_DATE, JOB_ID, SALARY, COMMISSION_PCT, MANAGER_ID, DEPARTMENT_ID)
VALUES(EMPLOYEES03_SEQ.NEXTVAL, 'Randall', 'Perkins', 'RPERKINS', '650.505.4876', TO_DATE('2007-12-19 00:00:00', 'YYYY-MM-DD HH24:MI:SS'), 'SH_CLERK', 2500, NULL, 122, 50);
INSERT INTO EMPLOYEES03(EMPLOYEE_ID, FIRST_NAME, LAST_NAME, EMAIL, PHONE_NUMBER, HIRE_DATE, JOB_ID, SALARY, COMMISSION_PCT, MANAGER_ID, DEPARTMENT_ID)
VALUES(EMPLOYEES03_SEQ.NEXTVAL, 'Sarah', 'Bell', 'SBELL', '650.501.1876', TO_DATE('2004-02-04 00:00:00', 'YYYY-MM-DD HH24:MI:SS'), 'SH_CLERK', 4000, NULL, 123, 50);
INSERT INTO EMPLOYEES03(EMPLOYEE_ID, FIRST_NAME, LAST_NAME, EMAIL, PHONE_NUMBER, HIRE_DATE, JOB_ID, SALARY, COMMISSION_PCT, MANAGER_ID, DEPARTMENT_ID)
VALUES(EMPLOYEES03_SEQ.NEXTVAL, 'Britney', 'Everett', 'BEVERETT', '650.501.2876', TO_DATE('2005-03-03 00:00:00', 'YYYY-MM-DD HH24:MI:SS'), 'SH_CLERK', 3900, NULL, 123, 50);
INSERT INTO EMPLOYEES03(EMPLOYEE_ID, FIRST_NAME, LAST_NAME, EMAIL, PHONE_NUMBER, HIRE_DATE, JOB_ID, SALARY, COMMISSION_PCT, MANAGER_ID, DEPARTMENT_ID)
VALUES(EMPLOYEES03_SEQ.NEXTVAL, 'Samuel', 'McCain', 'SMCCAIN', '650.501.3876', TO_DATE('2006-07-01 00:00:00', 'YYYY-MM-DD HH24:MI:SS'), 'SH_CLERK', 3200, NULL, 123, 50);
INSERT INTO EMPLOYEES03(EMPLOYEE_ID, FIRST_NAME, LAST_NAME, EMAIL, PHONE_NUMBER, HIRE_DATE, JOB_ID, SALARY, COMMISSION_PCT, MANAGER_ID, DEPARTMENT_ID)
VALUES(EMPLOYEES03_SEQ.NEXTVAL, 'Vance', 'Jones', 'VJONES', '650.501.4876', TO_DATE('2007-03-17 00:00:00', 'YYYY-MM-DD HH24:MI:SS'), 'SH_CLERK', 2800, NULL, 123, 50);
INSERT INTO EMPLOYEES03(EMPLOYEE_ID, FIRST_NAME, LAST_NAME, EMAIL, PHONE_NUMBER, HIRE_DATE, JOB_ID, SALARY, COMMISSION_PCT, MANAGER_ID, DEPARTMENT_ID)
VALUES(EMPLOYEES03_SEQ.NEXTVAL, 'Alana', 'Walsh', 'AWALSH', '650.507.9811', TO_DATE('2006-04-24 00:00:00', 'YYYY-MM-DD HH24:MI:SS'), 'SH_CLERK', 3100, NULL, 124, 50);
INSERT INTO EMPLOYEES03(EMPLOYEE_ID, FIRST_NAME, LAST_NAME, EMAIL, PHONE_NUMBER, HIRE_DATE, JOB_ID, SALARY, COMMISSION_PCT, MANAGER_ID, DEPARTMENT_ID)
VALUES(EMPLOYEES03_SEQ.NEXTVAL, 'Kevin', 'Feeney', 'KFEENEY', '650.507.9822', TO_DATE('2006-05-23 00:00:00', 'YYYY-MM-DD HH24:MI:SS'), 'SH_CLERK', 3000, NULL, 124, 50);
INSERT INTO EMPLOYEES03(EMPLOYEE_ID, FIRST_NAME, LAST_NAME, EMAIL, PHONE_NUMBER, HIRE_DATE, JOB_ID, SALARY, COMMISSION_PCT, MANAGER_ID, DEPARTMENT_ID)
VALUES(EMPLOYEES03_SEQ.NEXTVAL, 'Donald', 'OConnell', 'DOCONNEL', '650.507.9833', TO_DATE('2007-06-21 00:00:00', 'YYYY-MM-DD HH24:MI:SS'), 'SH_CLERK', 2600, NULL, 124, 50);
INSERT INTO EMPLOYEES03(EMPLOYEE_ID, FIRST_NAME, LAST_NAME, EMAIL, PHONE_NUMBER, HIRE_DATE, JOB_ID, SALARY, COMMISSION_PCT, MANAGER_ID, DEPARTMENT_ID)
VALUES(EMPLOYEES03_SEQ.NEXTVAL, 'Douglas', 'Grant', 'DGRANT', '650.507.9844', TO_DATE('2008-01-13 00:00:00', 'YYYY-MM-DD HH24:MI:SS'), 'SH_CLERK', 2600, NULL, 124, 50);
INSERT INTO EMPLOYEES03(EMPLOYEE_ID, FIRST_NAME, LAST_NAME, EMAIL, PHONE_NUMBER, HIRE_DATE, JOB_ID, SALARY, COMMISSION_PCT, MANAGER_ID, DEPARTMENT_ID)
VALUES(EMPLOYEES03_SEQ.NEXTVAL, 'Jennifer', 'Whalen', 'JWHALEN', '515.123.4444', TO_DATE('2003-09-17 00:00:00', 'YYYY-MM-DD HH24:MI:SS'), 'AD_ASST', 4400, NULL, 101, 10);

INSERT INTO EMPLOYEES03(EMPLOYEE_ID, FIRST_NAME, LAST_NAME, EMAIL, PHONE_NUMBER, HIRE_DATE, JOB_ID, SALARY, COMMISSION_PCT, MANAGER_ID, DEPARTMENT_ID)
VALUES(EMPLOYEES03_SEQ.NEXTVAL, 'Michael', 'Hartstein', 'MHARTSTE', '515.123.5555', TO_DATE('2004-02-17 00:00:00', 'YYYY-MM-DD HH24:MI:SS'), 'MK_MAN', 13000, NULL, 100, 20);
INSERT INTO EMPLOYEES03(EMPLOYEE_ID, FIRST_NAME, LAST_NAME, EMAIL, PHONE_NUMBER, HIRE_DATE, JOB_ID, SALARY, COMMISSION_PCT, MANAGER_ID, DEPARTMENT_ID)
VALUES(EMPLOYEES03_SEQ.NEXTVAL, 'Pat', 'Fay', 'PFAY', '603.123.6666', TO_DATE('2005-08-17 00:00:00', 'YYYY-MM-DD HH24:MI:SS'), 'MK_REP', 6000, NULL, 201, 20);
INSERT INTO EMPLOYEES03(EMPLOYEE_ID, FIRST_NAME, LAST_NAME, EMAIL, PHONE_NUMBER, HIRE_DATE, JOB_ID, SALARY, COMMISSION_PCT, MANAGER_ID, DEPARTMENT_ID)
VALUES(EMPLOYEES03_SEQ.NEXTVAL, 'Susan', 'Mavris', 'SMAVRIS', '515.123.7777', TO_DATE('2002-06-07 00:00:00', 'YYYY-MM-DD HH24:MI:SS'), 'HR_REP', 6500, NULL, 101, 40);
INSERT INTO EMPLOYEES03(EMPLOYEE_ID, FIRST_NAME, LAST_NAME, EMAIL, PHONE_NUMBER, HIRE_DATE, JOB_ID, SALARY, COMMISSION_PCT, MANAGER_ID, DEPARTMENT_ID)
VALUES(EMPLOYEES03_SEQ.NEXTVAL, 'Hermann', 'Baer', 'HBAER', '515.123.8888', TO_DATE('2002-06-07 00:00:00', 'YYYY-MM-DD HH24:MI:SS'), 'PR_REP', 10000, NULL, 101, 70);
INSERT INTO EMPLOYEES03(EMPLOYEE_ID, FIRST_NAME, LAST_NAME, EMAIL, PHONE_NUMBER, HIRE_DATE, JOB_ID, SALARY, COMMISSION_PCT, MANAGER_ID, DEPARTMENT_ID)
VALUES(EMPLOYEES03_SEQ.NEXTVAL, 'Shelley', 'Higgins', 'SHIGGINS', '515.123.8080', TO_DATE('2002-06-07 00:00:00', 'YYYY-MM-DD HH24:MI:SS'), 'AC_MGR', 12008, NULL, 101, 110);
INSERT INTO EMPLOYEES03(EMPLOYEE_ID, FIRST_NAME, LAST_NAME, EMAIL, PHONE_NUMBER, HIRE_DATE, JOB_ID, SALARY, COMMISSION_PCT, MANAGER_ID, DEPARTMENT_ID)
VALUES(EMPLOYEES03_SEQ.NEXTVAL, 'William', 'Gietz', 'WGIETZ', '515.123.8181', TO_DATE('2002-06-07 00:00:00', 'YYYY-MM-DD HH24:MI:SS'), 'AC_ACCOUNT', 8300, NULL, 205, 110);
--==> 1 행 이(가) 삽입되었습니다. * 107



--■ JOB_HISTORY03 테이블 생성
CREATE TABLE JOB_HISTORY03
( EMPLOYEE_ID       NUMBER(6)       CONSTRAINT JHIST03_EMPLOYEE_NN NOT NULL
, START_DATE        DATE            CONSTRAINT JHIST03_START_DATE_NN NOT NULL
, END_DATE          DATE            CONSTRAINT JHIST03_END_DATE_NN NOT NULL
, JOB_ID            VARCHAR2(10)    CONSTRAINT JHIST03_JOB_NN NOT NULL
, DEPARTMENT_ID     NUMBER(4)
, CONSTRAINT JHIST03_DATE_INTERVAL CHECK(END_DATE > START_DATE)
, CONSTRAINT JHIST03_EMP_ID_ST_DATE_PK PRIMARY KEY(EMPLOYEE_ID,START_DATE)
, CONSTRAINT JHIST03_JOB_FK FOREIGN KEY(JOB_ID)
                    REFERENCES JOBS03(JOB_ID)
, CONSTRAINT JHIST03_EMP_FK FOREIGN KEY(EMPLOYEE_ID)
                    REFERENCES EMPLOYEES03(EMPLOYEE_ID)
, CONSTRAINT JHIST03_DEPT_FK FOREIGN KEY(DEPARTMENT_ID)
                    REFERENCES DEPARTMENTS03(DEPARTMENT_ID)
);
--==>> Table JOB_HISTORY03이(가) 생성되었습니다.

--○ JOB_HISTORY03 테이블에 데이터 입력
INSERT INTO JOB_HISTORY03(EMPLOYEE_ID, START_DATE, END_DATE, JOB_ID, DEPARTMENT_ID)
VALUES(102,TO_DATE('2001-01-13 00:00:00', 'YYYY-MM-DD HH24:MI:SS'), TO_DATE('2006-07-24 00:00:00', 'YYYY-MM-DD HH24:MI:SS'), 'IT_PROG', 60);
INSERT INTO JOB_HISTORY03(EMPLOYEE_ID, START_DATE, END_DATE, JOB_ID, DEPARTMENT_ID)
VALUES(101,TO_DATE('1997-09-21 00:00:00', 'YYYY-MM-DD HH24:MI:SS'), TO_DATE('2001-10-27 00:00:00', 'YYYY-MM-DD HH24:MI:SS'), 'AC_ACCOUNT', 110);
INSERT INTO JOB_HISTORY03(EMPLOYEE_ID, START_DATE, END_DATE, JOB_ID, DEPARTMENT_ID)
VALUES(101,TO_DATE('2001-10-28 00:00:00', 'YYYY-MM-DD HH24:MI:SS'), TO_DATE('2005-03-15 00:00:00', 'YYYY-MM-DD HH24:MI:SS'), 'AC_MGR', 110);
INSERT INTO JOB_HISTORY03(EMPLOYEE_ID, START_DATE, END_DATE, JOB_ID, DEPARTMENT_ID)
VALUES(201,TO_DATE('2004-02-17 00:00:00', 'YYYY-MM-DD HH24:MI:SS'), TO_DATE('2007-12-19 00:00:00', 'YYYY-MM-DD HH24:MI:SS'), 'MK_REP', 20);
INSERT INTO JOB_HISTORY03(EMPLOYEE_ID, START_DATE, END_DATE, JOB_ID, DEPARTMENT_ID)
VALUES(114,TO_DATE('2006-03-24 00:00:00', 'YYYY-MM-DD HH24:MI:SS'), TO_DATE('2007-12-31 00:00:00', 'YYYY-MM-DD HH24:MI:SS'), 'ST_CLERK', 50);
INSERT INTO JOB_HISTORY03(EMPLOYEE_ID, START_DATE, END_DATE, JOB_ID, DEPARTMENT_ID)
VALUES(122,TO_DATE('2007-01-01 00:00:00', 'YYYY-MM-DD HH24:MI:SS'), TO_DATE('2007-12-31 00:00:00', 'YYYY-MM-DD HH24:MI:SS'), 'ST_CLERK', 50);
INSERT INTO JOB_HISTORY03(EMPLOYEE_ID, START_DATE, END_DATE, JOB_ID, DEPARTMENT_ID)
VALUES(200,TO_DATE('1995-09-17 00:00:00', 'YYYY-MM-DD HH24:MI:SS'), TO_DATE('2001-06-17 00:00:00', 'YYYY-MM-DD HH24:MI:SS'), 'AD_ASST', 90);
INSERT INTO JOB_HISTORY03(EMPLOYEE_ID, START_DATE, END_DATE, JOB_ID, DEPARTMENT_ID)
VALUES(176,TO_DATE('2006-03-24 00:00:00', 'YYYY-MM-DD HH24:MI:SS'), TO_DATE('2006-12-31 00:00:00', 'YYYY-MM-DD HH24:MI:SS'), 'SA_REP', 80);
INSERT INTO JOB_HISTORY03(EMPLOYEE_ID, START_DATE, END_DATE, JOB_ID, DEPARTMENT_ID)
VALUES(176,TO_DATE('2007-01-01 00:00:00', 'YYYY-MM-DD HH24:MI:SS'), TO_DATE('2007-12-31 00:00:00', 'YYYY-MM-DD HH24:MI:SS'), 'SA_MAN', 80);
INSERT INTO JOB_HISTORY03(EMPLOYEE_ID, START_DATE, END_DATE, JOB_ID, DEPARTMENT_ID)
VALUES(200,TO_DATE('2002-07-01 00:00:00', 'YYYY-MM-DD HH24:MI:SS'), TO_DATE('2006-12-31 00:00:00', 'YYYY-MM-DD HH24:MI:SS'), 'AC_ACCOUNT', 90);
--==>> 1 행 이(가) 삽입되었습니다. * 10



--■ 제약조건 추가
ALTER TABLE EMPLOYEES03
ADD CONSTRAINT EMP03_MANAGER_FK FOREIGN KEY(MANAGER_ID)
                REFERENCES EMPLOYEES03(EMPLOYEE_ID);
--> EMPLOYEES03 테이블의  MANAGER_ID 를 
-- EMPLOYEES03 테이블의 EMPLOYEE_ID 컬럼을 참조하는 FOREIGN KEY로 설정
                
ALTER TABLE DEPARTMENTS03
ADD CONSTRAINT DEPT03_MGR_FK FOREIGN KEY(MANAGER_ID)
                REFERENCES EMPLOYEES03(EMPLOYEE_ID);
-->  DEPARTMENTS03 테이블의  MANAGER_ID 를 
-- EMPLOYEES03 테이블의 EMPLOYEE_ID 컬럼을 참조하는 FOREIGN KEY로 설정



--■ TABLE COMMENT 작성
COMMENT ON TABLE COUNTRIES03 IS 'country table. Contains 25 rows. References with locations table.';
COMMENT ON TABLE LOCATIONS03 IS '"Locations table that contains specific address of a specific office,
warehouse, and/or production site of a company. Does not store addresses /
locations of customers. Contains 23 rows; references with the
departments and countries tables. "';
COMMENT ON TABLE DEPARTMENTS03 IS '"Departments table that shows details of departments where employees
work. Contains 27 rows; references with locations, employees, and job_history tables."';

COMMENT ON TABLE JOBS03 IS '"jobs table with job titles and salary ranges. Contains 19 rows.
References with employees and job_history table."';
COMMENT ON TABLE EMPLOYEES03 IS '"employees table. Contains 107 rows. References with departments,
jobs, job_history tables. Contains a self reference."';
COMMENT ON TABLE JOB_HISTORY03 IS '"Table that stores job history of the employees. If an employee
changes departments within the job or changes jobs within the department,
new rows get inserted into this table with old job information of the
employee. Contains a complex primary key: employee_id+start_date.
Contains 25 rows. References with jobs, employees, and departments tables."';
--==>> Comment이(가) 생성되었습니다. * 6



--■ COLUMN COMMENT 작성
-- LOCATIONS03
COMMENT ON COLUMN LOCATIONS03.LOCATION_ID IS 'Primary key of locations table';
COMMENT ON COLUMN LOCATIONS03.STREET_ADDRESS IS '"Street address of an office, warehouse, or production site of a company.
Contains building number and street name"';
COMMENT ON COLUMN LOCATIONS03.POSTAL_CODE IS '"Postal code of the location of an office, warehouse, or production site
of a company. "';
COMMENT ON COLUMN LOCATIONS03.CITY IS '"A not null column that shows city where an office, warehouse, or
production site of a company is located. "';
COMMENT ON COLUMN LOCATIONS03.STATE_PROVIENCE IS '"State or Province where an office, warehouse, or production site of a
company is located."';
COMMENT ON COLUMN LOCATIONS03.COUNTRY_ID IS '"Country where an office, warehouse, or production site of a company is
located. Foreign key to country_id column of the countries table."';

-- DEPARTMENTS03
COMMENT ON COLUMN DEPARTMENTS03.DEPARTMENT_ID IS 'Primary key column of departments table.';
COMMENT ON COLUMN DEPARTMENTS03.DEPARTMENT_NAME IS '"A not null column that shows name of a department. Administration,
Marketing, Purchasing, Human Resources, Shipping, IT, Executive, Public
Relations, Sales, Finance, and Accounting. "';
COMMENT ON COLUMN DEPARTMENTS03.MANAGER_ID IS 'Manager_id of a department. Foreign key to employee_id column of employees table. The manager_id column of the employee table references this column.';
COMMENT ON COLUMN DEPARTMENTS03.LOCATION_ID IS 'Location id where a department is located. Foreign key to location_id column of locations table.';

-- JOB_HISTORY03
COMMENT ON COLUMN JOB_HISTORY03.EMPLOYEE_ID IS '"A not null column in the complex primary key employee_id+start_date.
Foreign key to employee_id column of the employee table"';
COMMENT ON COLUMN JOB_HISTORY03.START_DATE IS '"A not null column in the complex primary key employee_id+start_date.
Must be less than the end_date of the job_history table. (enforced by
constraint jhist_date_interval)"';
COMMENT ON COLUMN JOB_HISTORY03.END_DATE IS '"Last day of the employee in this job role. A not null column. Must be
greater than the start_date of the job_history table.
(enforced by constraint jhist_date_interval)"';
COMMENT ON COLUMN JOB_HISTORY03.JOB_ID IS '"Job role in which the employee worked in the past; foreign key to
job_id column in the jobs table. A not null column."';
COMMENT ON COLUMN JOB_HISTORY03.DEPARTMENT_ID IS 'Department id in which the employee worked in the past; foreign key to deparment_id column in the departments table';

-- COUNTRIES03
COMMENT ON COLUMN COUNTRIES03.COUNTRY_ID IS 'Primary key of countries table.';
COMMENT ON COLUMN COUNTRIES03.COUNTRY_NAME IS 'Country name';
COMMENT ON COLUMN COUNTRIES03.REGION_ID IS 'Region ID for the country. Foreign key to region_id column in the departments table.';

-- JOBS03
COMMENT ON COLUMN JOBS03.JOB_ID IS 'Primary key of jobs table.';
COMMENT ON COLUMN JOBS03.JOB_TITLE IS 'A not null column that shows job title, e.g. AD_VP, FI_ACCOUNTANT';
COMMENT ON COLUMN JOBS03.MIN_SALARY IS 'Minimum salary for a job title.';
COMMENT ON COLUMN JOBS03.MAX_SALARY IS 'Maximum salary for a job title';

-- EMPLOYEES03
COMMENT ON COLUMN EMPLOYEES03.EMPLOYEE_ID IS 'Primary key of employees table.';
COMMENT ON COLUMN EMPLOYEES03.FIRST_NAME IS 'First name of the employee. A not null column.';
COMMENT ON COLUMN EMPLOYEES03.LAST_NAME IS 'Last name of the employee. A not null column.';
COMMENT ON COLUMN EMPLOYEES03.EMAIL IS 'Email id of the employee';
COMMENT ON COLUMN EMPLOYEES03.PHONE_NUMBER IS 'Phone number of the employee; includes country code and area code';
COMMENT ON COLUMN EMPLOYEES03.HIRE_DATE IS 'Date when the employee started on this job. A not null column.';
COMMENT ON COLUMN EMPLOYEES03.JOB_ID IS '"Current job of the employee; foreign key to job_id column of the
jobs table. A not null column."';
COMMENT ON COLUMN EMPLOYEES03.SALARY IS '"Monthly salary of the employee. Must be greater
than zero (enforced by constraint emp_salary_min)"';
COMMENT ON COLUMN EMPLOYEES03.COMMISSION_PCT IS '"Commission percentage of the employee; Only employees in sales
department elgible for commission percentage"';
COMMENT ON COLUMN EMPLOYEES03.MANAGER_ID IS '"Manager id of the employee; has same domain as manager_id in
departments table. Foreign key to employee_id column of employees table.
(useful for reflexive joins and CONNECT BY query)"';
COMMENT ON COLUMN EMPLOYEES03.DEPARTMENT_ID IS '"Department id where employee works; foreign key to department_id
column of the departments table"';


--==>> Comment이(가) 생성되었습니다. * 33










